date,sentiment_score,avg_polarity,total_articles,positive,slightly_positive,slightly_negative,negative,positive_pct,slightly_positive_pct,slightly_negative_pct,negative_pct,bullish_pct,bearish_pct
2023-12-17,30.0,0.05371,10,3,4,2,1,30.0,40.0,20.0,10.0,70.0,30.0
2023-12-18,45.0,0.10472999999999999,10,4,4,1,1,40.0,40.0,10.0,10.0,80.0,20.0
2023-12-19,60.0,0.14159,10,2,8,0,0,20.0,80.0,0.0,0.0,100.0,0.0
2023-12-20,42.857142857142854,0.07514285714285715,14,3,9,1,1,21.428571428571427,64.28571428571429,7.142857142857142,7.142857142857142,85.71428571428571,14.285714285714285
2023-12-21,15.384615384615385,-0.009553846153846156,13,4,4,2,3,30.76923076923077,30.76923076923077,15.384615384615385,23.076923076923077,61.53846153846154,38.46153846153847
2023-12-22,33.33333333333333,0.07061111111111111,9,3,4,0,2,33.33333333333333,44.44444444444444,0.0,22.22222222222222,77.77777777777779,22.22222222222222
2023-12-23,20.0,0.06185,10,3,4,0,3,30.0,40.0,0.0,30.0,70.0,30.0
2023-12-24,50.0,0.22542500000000001,8,6,0,0,2,75.0,0.0,0.0,25.0,75.0,25.0
2023-12-25,50.0,0.1553142857142857,7,3,3,0,1,42.857142857142854,42.857142857142854,0.0,14.285714285714285,85.71428571428571,14.285714285714285
2023-12-26,10.0,0.02036,10,3,3,1,3,30.0,30.0,10.0,30.0,60.0,40.0
2023-12-27,10.0,0.026049999999999972,10,3,3,1,3,30.0,30.0,10.0,30.0,60.0,40.0
2023-12-28,35.0,0.11046,10,3,5,0,2,30.0,50.0,0.0,20.0,80.0,20.0
2023-12-29,40.0,0.009600000000000004,10,1,8,0,1,10.0,80.0,0.0,10.0,90.0,10.0
2023-12-30,45.0,0.09043000000000001,10,2,7,0,1,20.0,70.0,0.0,10.0,90.0,10.0
2023-12-31,30.0,0.08136,10,1,7,1,1,10.0,70.0,10.0,10.0,80.0,20.0
2024-01-01,16.666666666666664,-0.06527777777777778,9,0,7,0,2,0.0,77.77777777777779,0.0,22.22222222222222,77.77777777777779,22.22222222222222
2024-01-02,4.166666666666666,-0.09983333333333333,12,0,8,1,3,0.0,66.66666666666666,8.333333333333332,25.0,66.66666666666666,33.33333333333333
2024-01-03,-16.666666666666664,-0.16949166666666668,12,0,6,2,4,0.0,50.0,16.666666666666664,33.33333333333333,50.0,50.0
2024-01-04,-61.111111111111114,-0.4198222222222222,9,0,2,1,6,0.0,22.22222222222222,11.11111111111111,66.66666666666666,22.22222222222222,77.77777777777779
2024-01-05,-37.5,-0.2793,8,1,2,0,5,12.5,25.0,0.0,62.5,37.5,62.5
2024-01-06,-11.11111111111111,-0.05023333333333333,9,2,2,2,3,22.22222222222222,22.22222222222222,22.22222222222222,33.33333333333333,44.44444444444444,55.55555555555556
2024-01-07,14.285714285714285,-0.04151428571428571,7,0,5,1,1,0.0,71.42857142857143,14.285714285714285,14.285714285714285,71.42857142857143,28.57142857142857
2024-01-08,27.77777777777778,0.05587777777777777,9,2,5,0,2,22.22222222222222,55.55555555555556,0.0,22.22222222222222,77.77777777777779,22.22222222222222
2024-01-09,56.25,0.20187500000000003,8,4,3,0,1,50.0,37.5,0.0,12.5,87.5,12.5
2024-01-10,20.0,0.06689,10,2,5,1,2,20.0,50.0,10.0,20.0,70.0,30.0
2024-01-11,-40.0,-0.18795999999999996,10,0,3,3,4,0.0,30.0,30.0,40.0,30.0,70.0
2024-01-12,-50.0,-0.29565555555555556,9,0,2,3,4,0.0,22.22222222222222,33.33333333333333,44.44444444444444,22.22222222222222,77.77777777777779
2024-01-13,18.75,0.0019125000000000184,8,1,5,0,2,12.5,62.5,0.0,25.0,75.0,25.0
2024-01-14,28.57142857142857,0.011185714285714283,7,1,4,2,0,14.285714285714285,57.14285714285714,28.57142857142857,0.0,71.42857142857143,28.57142857142857
2024-01-15,35.0,0.015434999999999999,20,3,14,0,3,15.0,70.0,0.0,15.0,85.0,15.0
2024-01-16,10.0,-0.081275,20,3,10,2,5,15.0,50.0,10.0,25.0,65.0,35.0
2024-01-17,-15.0,-0.15778999999999996,20,3,6,4,7,15.0,30.0,20.0,35.0,45.0,55.00000000000001
2024-01-18,3.125,-0.067825,16,3,6,3,4,18.75,37.5,18.75,25.0,56.25,43.75
2024-01-19,55.55555555555556,0.20673333333333332,9,4,4,0,1,44.44444444444444,44.44444444444444,0.0,11.11111111111111,88.88888888888889,11.11111111111111
2024-01-20,25.0,0.051629999999999995,10,4,3,0,3,40.0,30.0,0.0,30.0,70.0,30.0
2024-01-21,37.5,0.1107375,8,2,4,2,0,25.0,50.0,25.0,0.0,75.0,25.0
2024-01-22,5.555555555555555,-0.0422,9,1,4,3,1,11.11111111111111,44.44444444444444,33.33333333333333,11.11111111111111,55.55555555555556,44.44444444444444
2024-01-23,-7.5,-0.09531,20,2,9,2,7,10.0,45.0,10.0,35.0,55.00000000000001,45.0
2024-01-24,25.0,0.07584500000000001,20,4,11,1,4,20.0,55.00000000000001,5.0,20.0,75.0,25.0
2024-01-25,45.0,0.17366,20,6,11,1,2,30.0,55.00000000000001,5.0,10.0,85.0,15.0
2024-01-26,23.52941176470588,0.09968823529411763,17,4,8,2,3,23.52941176470588,47.05882352941176,11.76470588235294,17.647058823529413,70.58823529411765,29.411764705882355
2024-01-27,22.22222222222222,0.09463333333333333,9,3,3,1,2,33.33333333333333,33.33333333333333,11.11111111111111,22.22222222222222,66.66666666666666,33.33333333333333
2024-01-28,46.15384615384615,0.16196923076923075,13,4,7,1,1,30.76923076923077,53.84615384615385,7.6923076923076925,7.6923076923076925,84.61538461538461,15.384615384615385
2024-01-29,17.5,0.06494,20,2,11,6,1,10.0,55.00000000000001,30.0,5.0,65.0,35.0
2024-01-30,-15.0,-0.05326500000000002,20,2,6,8,4,10.0,30.0,40.0,20.0,40.0,60.0
2024-01-31,-17.5,-0.060430000000000005,20,4,4,5,7,20.0,20.0,25.0,35.0,40.0,60.0
2024-02-01,22.5,0.040659999999999995,20,4,10,3,3,20.0,50.0,15.0,15.0,70.0,30.0
2024-02-02,44.44444444444444,0.09922222222222223,9,2,6,0,1,22.22222222222222,66.66666666666666,0.0,11.11111111111111,88.88888888888889,11.11111111111111
2024-02-03,20.0,0.04420000000000001,10,1,6,2,1,10.0,60.0,20.0,10.0,70.0,30.0
2024-02-04,12.5,0.01401875,16,2,8,4,2,12.5,50.0,25.0,12.5,62.5,37.5
2024-02-05,17.5,0.08474499999999999,20,4,8,7,1,20.0,40.0,35.0,5.0,60.0,40.0
2024-02-06,25.0,0.061545,20,5,9,3,3,25.0,45.0,15.0,15.0,70.0,30.0
2024-02-07,-10.714285714285714,-0.11368571428571428,14,1,6,3,4,7.142857142857142,42.857142857142854,21.428571428571427,28.57142857142857,50.0,50.0
2024-02-08,-22.22222222222222,-0.16214444444444442,9,0,4,2,3,0.0,44.44444444444444,22.22222222222222,33.33333333333333,44.44444444444444,55.55555555555556
2024-02-09,11.11111111111111,-0.025266666666666684,9,1,4,4,0,11.11111111111111,44.44444444444444,44.44444444444444,0.0,55.55555555555556,44.44444444444444
2024-02-10,5.555555555555555,-0.03323333333333335,9,2,3,2,2,22.22222222222222,33.33333333333333,22.22222222222222,22.22222222222222,55.55555555555556,44.44444444444444
2024-02-11,11.11111111111111,0.0715777777777778,9,3,2,2,2,33.33333333333333,22.22222222222222,22.22222222222222,22.22222222222222,55.55555555555556,44.44444444444444
2024-02-12,-25.0,-0.16156,10,1,3,2,4,10.0,30.0,20.0,40.0,40.0,60.0
2024-02-13,50.0,0.1225,8,2,5,1,0,25.0,62.5,12.5,0.0,87.5,12.5
2024-02-14,18.75,-0.005012499999999996,8,1,4,3,0,12.5,50.0,37.5,0.0,62.5,37.5
2024-02-15,10.0,-0.018629999999999997,10,1,5,3,1,10.0,50.0,30.0,10.0,60.0,40.0
2024-02-16,30.0,0.05713,10,1,7,1,1,10.0,70.0,10.0,10.0,80.0,20.0
2024-02-17,40.0,0.09668000000000002,10,1,8,0,1,10.0,80.0,0.0,10.0,90.0,10.0
2024-02-18,50.0,0.08814,10,0,10,0,0,0.0,100.0,0.0,0.0,100.0,0.0
2024-02-19,38.88888888888889,0.019900000000000004,9,1,7,0,1,11.11111111111111,77.77777777777779,0.0,11.11111111111111,88.88888888888889,11.11111111111111
2024-02-20,35.0,0.11961,10,2,6,1,1,20.0,60.0,10.0,10.0,80.0,20.0
2024-02-21,30.0,0.06942,10,1,7,1,1,10.0,70.0,10.0,10.0,80.0,20.0
2024-02-22,10.0,-0.06054999999999999,10,0,7,1,2,0.0,70.0,10.0,20.0,70.0,30.0
2024-02-23,-56.25,-0.33516250000000003,8,0,2,1,5,0.0,25.0,12.5,62.5,25.0,75.0
2024-02-24,-11.11111111111111,-0.11879999999999999,9,2,2,2,3,22.22222222222222,22.22222222222222,22.22222222222222,33.33333333333333,44.44444444444444,55.55555555555556
2024-02-25,15.0,-0.01164999999999999,10,2,4,3,1,20.0,40.0,30.0,10.0,60.0,40.0
2024-02-26,35.0,0.11207,10,2,6,1,1,20.0,60.0,10.0,10.0,80.0,20.0
2024-02-27,40.0,0.09913000000000001,10,0,9,1,0,0.0,90.0,10.0,0.0,90.0,10.0
2024-02-28,35.0,0.018279999999999998,10,0,9,0,1,0.0,90.0,0.0,10.0,90.0,10.0
2024-02-29,25.0,0.012709999999999994,10,2,5,2,1,20.0,50.0,20.0,10.0,70.0,30.0
2024-03-01,16.666666666666664,0.03511666666666666,12,2,6,2,2,16.666666666666664,50.0,16.666666666666664,16.666666666666664,66.66666666666666,33.33333333333333
2024-03-02,12.5,0.023199999999999988,12,1,7,2,2,8.333333333333332,58.333333333333336,16.666666666666664,16.666666666666664,66.66666666666666,33.33333333333333
2024-03-03,20.0,0.027859999999999992,15,2,8,4,1,13.333333333333334,53.333333333333336,26.666666666666668,6.666666666666667,66.66666666666666,33.33333333333333
2024-03-04,40.0,0.14409999999999998,20,8,7,3,2,40.0,35.0,15.0,10.0,75.0,25.0
2024-03-05,29.411764705882355,0.12423529411764704,17,7,5,1,4,41.17647058823529,29.411764705882355,5.88235294117647,23.52941176470588,70.58823529411765,29.411764705882355
2024-03-06,10.0,0.013089999999999996,10,3,3,1,3,30.0,30.0,10.0,30.0,60.0,40.0
2024-03-07,56.25,0.2658625,8,4,3,0,1,50.0,37.5,0.0,12.5,87.5,12.5
2024-03-08,25.0,0.022324999999999998,8,0,6,2,0,0.0,75.0,25.0,0.0,75.0,25.0
2024-03-09,55.55555555555556,0.24255555555555558,9,3,5,1,0,33.33333333333333,55.55555555555556,11.11111111111111,0.0,88.88888888888889,11.11111111111111
2024-03-10,25.0,0.09484,10,3,4,1,2,30.0,40.0,10.0,20.0,70.0,30.0
2024-03-11,-17.857142857142858,-0.1203142857142857,14,2,5,0,7,14.285714285714285,35.714285714285715,0.0,50.0,50.0,50.0
2024-03-12,-17.5,-0.13447000000000003,20,3,6,3,8,15.0,30.0,15.0,40.0,45.0,55.00000000000001
2024-03-13,23.684210526315788,0.027673684210526305,19,5,8,3,3,26.31578947368421,42.10526315789473,15.789473684210526,15.789473684210526,68.42105263157895,31.57894736842105
2024-03-14,23.52941176470588,0.03623529411764706,17,4,8,2,3,23.52941176470588,47.05882352941176,11.76470588235294,17.647058823529413,70.58823529411765,29.411764705882355
2024-03-15,10.714285714285714,-0.03072857142857142,14,3,6,1,4,21.428571428571427,42.857142857142854,7.142857142857142,28.57142857142857,64.28571428571429,35.714285714285715
2024-03-16,-20.0,-0.16021,10,1,4,0,5,10.0,40.0,0.0,50.0,50.0,50.0
2024-03-17,61.111111111111114,0.28579999999999994,9,5,3,0,1,55.55555555555556,33.33333333333333,0.0,11.11111111111111,88.88888888888889,11.11111111111111
2024-03-18,53.333333333333336,0.22822666666666666,15,8,4,2,1,53.333333333333336,26.666666666666668,13.333333333333334,6.666666666666667,80.0,20.0
2024-03-19,34.61538461538461,0.17012307692307693,13,6,3,2,2,46.15384615384615,23.076923076923077,15.384615384615385,15.384615384615385,69.23076923076923,30.76923076923077
2024-03-20,50.0,0.14827777777777776,9,3,5,0,1,33.33333333333333,55.55555555555556,0.0,11.11111111111111,88.88888888888889,11.11111111111111
2024-03-21,25.0,0.04725999999999999,10,3,4,1,2,30.0,40.0,10.0,20.0,70.0,30.0
2024-03-22,10.0,0.03865,10,3,3,1,3,30.0,30.0,10.0,30.0,60.0,40.0
2024-03-23,60.0,0.20049,10,2,8,0,0,20.0,80.0,0.0,0.0,100.0,0.0
2024-03-24,16.666666666666664,0.03593333333333333,9,2,4,1,2,22.22222222222222,44.44444444444444,11.11111111111111,22.22222222222222,66.66666666666666,33.33333333333333
2024-03-25,25.0,0.09494000000000001,10,3,4,1,2,30.0,40.0,10.0,20.0,70.0,30.0
2024-03-26,38.23529411764706,0.08327058823529411,17,4,10,1,2,23.52941176470588,58.82352941176471,5.88235294117647,11.76470588235294,82.35294117647058,17.647058823529413
2024-03-27,45.45454545454545,0.05683636363636366,11,2,8,0,1,18.181818181818183,72.72727272727273,0.0,9.090909090909092,90.9090909090909,9.090909090909092
2024-03-28,15.0,-0.030689999999999985,10,2,5,0,3,20.0,50.0,0.0,30.0,70.0,30.0
2024-03-29,-22.22222222222222,-0.20904444444444442,9,2,2,0,5,22.22222222222222,22.22222222222222,0.0,55.55555555555556,44.44444444444444,55.55555555555556
2024-03-30,44.44444444444444,0.1831777777777778,9,5,2,0,2,55.55555555555556,22.22222222222222,0.0,22.22222222222222,77.77777777777779,22.22222222222222
2024-03-31,40.0,0.049960000000000004,10,1,8,0,1,10.0,80.0,0.0,10.0,90.0,10.0
2024-04-01,5.0,-0.04537,20,2,10,4,4,10.0,50.0,20.0,20.0,60.0,40.0
2024-04-02,7.5,-0.05461499999999998,20,1,12,3,4,5.0,60.0,15.0,20.0,65.0,35.0
2024-04-03,2.5,-0.069895,20,1,11,4,4,5.0,55.00000000000001,20.0,20.0,60.0,40.0
2024-04-04,-5.0,-0.11798000000000002,20,1,10,4,5,5.0,50.0,20.0,25.0,55.00000000000001,45.0
2024-04-05,15.0,-0.047165,20,2,12,2,4,10.0,60.0,10.0,20.0,70.0,30.0
2024-04-06,30.76923076923077,0.052700000000000004,13,3,7,1,2,23.076923076923077,53.84615384615385,7.6923076923076925,15.384615384615385,76.92307692307693,23.076923076923077
2024-04-07,10.526315789473683,-0.03821052631578946,19,4,8,2,5,21.052631578947366,42.10526315789473,10.526315789473683,26.31578947368421,63.1578947368421,36.84210526315789
2024-04-08,17.5,-0.03234500000000001,20,4,10,1,5,20.0,50.0,5.0,25.0,70.0,30.0
2024-04-09,37.5,0.0941,20,6,10,1,3,30.0,50.0,5.0,15.0,80.0,20.0
2024-04-10,28.57142857142857,0.02642857142857144,14,3,8,0,3,21.428571428571427,57.14285714285714,0.0,21.428571428571427,78.57142857142857,21.428571428571427
2024-04-11,30.76923076923077,0.0696846153846154,13,5,4,2,2,38.46153846153847,30.76923076923077,15.384615384615385,15.384615384615385,69.23076923076923,30.76923076923077
2024-04-12,44.44444444444444,0.20888888888888887,9,5,1,3,0,55.55555555555556,11.11111111111111,33.33333333333333,0.0,66.66666666666666,33.33333333333333
2024-04-13,35.0,0.1527,10,4,3,2,1,40.0,30.0,20.0,10.0,70.0,30.0
2024-04-14,25.0,0.02899500000000001,20,5,9,3,3,25.0,45.0,15.0,15.0,70.0,30.0
2024-04-15,0.0,-0.129295,20,1,11,3,5,5.0,55.00000000000001,15.0,25.0,60.0,40.0
2024-04-16,10.0,-0.045225,20,3,10,2,5,15.0,50.0,10.0,25.0,65.0,35.0
2024-04-17,20.0,0.07835500000000001,20,6,6,6,2,30.0,30.0,30.0,10.0,60.0,40.0
2024-04-18,15.0,0.010150000000000006,20,4,8,6,2,20.0,40.0,30.0,10.0,60.0,40.0
2024-04-19,-10.0,-0.12014499999999997,20,4,6,2,8,20.0,30.0,10.0,40.0,50.0,50.0
2024-04-20,-11.76470588235294,-0.13045294117647058,17,3,5,3,6,17.647058823529413,29.411764705882355,17.647058823529413,35.294117647058826,47.05882352941176,52.94117647058824
2024-04-21,-22.5,-0.18084000000000003,20,1,7,6,6,5.0,35.0,30.0,30.0,40.0,60.0
2024-04-22,17.5,-0.019419999999999996,20,1,13,4,2,5.0,65.0,20.0,10.0,70.0,30.0
2024-04-23,30.0,0.066205,20,2,14,2,2,10.0,70.0,10.0,10.0,80.0,20.0
2024-04-24,27.500000000000004,0.05194,20,4,11,2,3,20.0,55.00000000000001,10.0,15.0,75.0,25.0
2024-04-25,40.0,0.084245,20,7,9,1,3,35.0,45.0,5.0,15.0,80.0,20.0
2024-04-26,28.125,0.08438124999999999,16,5,7,0,4,31.25,43.75,0.0,25.0,75.0,25.0
2024-04-27,18.75,-0.061512500000000005,8,1,5,0,2,12.5,62.5,0.0,25.0,75.0,25.0
2024-04-28,52.63157894736842,0.17641578947368422,19,8,8,2,1,42.10526315789473,42.10526315789473,10.526315789473683,5.263157894736842,84.21052631578947,15.789473684210526
2024-04-29,47.5,0.18156499999999998,20,9,7,2,2,45.0,35.0,10.0,10.0,80.0,20.0
2024-04-30,25.0,0.09398999999999996,10,5,1,2,2,50.0,10.0,20.0,20.0,60.0,40.0
2024-05-01,31.818181818181817,-0.016018181818181824,11,1,8,1,1,9.090909090909092,72.72727272727273,9.090909090909092,9.090909090909092,81.81818181818183,18.181818181818183
2024-05-02,27.77777777777778,-0.0011000000000000022,9,0,7,2,0,0.0,77.77777777777779,22.22222222222222,0.0,77.77777777777779,22.22222222222222
2024-05-03,22.22222222222222,0.10324444444444444,9,3,3,1,2,33.33333333333333,33.33333333333333,11.11111111111111,22.22222222222222,66.66666666666666,33.33333333333333
2024-05-04,16.666666666666664,0.0507,9,3,3,0,3,33.33333333333333,33.33333333333333,0.0,33.33333333333333,66.66666666666666,33.33333333333333
2024-05-05,34.61538461538461,0.050284615384615386,13,1,10,1,1,7.6923076923076925,76.92307692307693,7.6923076923076925,7.6923076923076925,84.61538461538461,15.384615384615385
2024-05-06,45.83333333333333,0.11653333333333334,12,1,10,1,0,8.333333333333332,83.33333333333334,8.333333333333332,0.0,91.66666666666666,8.333333333333332
2024-05-07,25.0,0.10719000000000001,10,3,4,1,2,30.0,40.0,10.0,20.0,70.0,30.0
2024-05-08,20.0,0.12474000000000003,10,4,2,2,2,40.0,20.0,20.0,20.0,60.0,40.0
2024-05-09,15.0,0.00766,10,2,4,3,1,20.0,40.0,30.0,10.0,60.0,40.0
2024-05-10,33.33333333333333,0.05757777777777779,9,2,5,1,1,22.22222222222222,55.55555555555556,11.11111111111111,11.11111111111111,77.77777777777779,22.22222222222222
2024-05-11,20.0,-0.07324,10,0,8,0,2,0.0,80.0,0.0,20.0,80.0,20.0
2024-05-12,20.0,0.014240000000000003,10,1,6,2,1,10.0,60.0,20.0,10.0,70.0,30.0
2024-05-13,15.0,0.05179,10,3,3,2,2,30.0,30.0,20.0,20.0,60.0,40.0
2024-05-14,55.55555555555556,0.2063666666666667,9,3,5,1,0,33.33333333333333,55.55555555555556,11.11111111111111,0.0,88.88888888888889,11.11111111111111
2024-05-15,50.0,0.18153076923076925,13,4,7,2,0,30.76923076923077,53.84615384615385,15.384615384615385,0.0,84.61538461538461,15.384615384615385
2024-05-16,55.00000000000001,0.18075,10,3,6,1,0,30.0,60.0,10.0,0.0,90.0,10.0
2024-05-17,50.0,0.16871250000000002,8,2,5,1,0,25.0,62.5,12.5,0.0,87.5,12.5
2024-05-18,43.75,0.2942625,8,4,2,1,1,50.0,25.0,12.5,12.5,75.0,25.0
2024-05-19,-40.0,-0.20170999999999997,10,1,2,2,5,10.0,20.0,20.0,50.0,30.0,70.0
2024-05-20,-19.230769230769234,-0.1306692307692308,13,1,5,2,5,7.6923076923076925,38.46153846153847,15.384615384615385,38.46153846153847,46.15384615384615,53.84615384615385
2024-05-21,15.0,0.021939999999999994,10,0,7,2,1,0.0,70.0,20.0,10.0,70.0,30.0
2024-05-22,30.0,0.07808999999999999,10,1,7,1,1,10.0,70.0,10.0,10.0,80.0,20.0
2024-05-23,50.0,0.09946666666666666,9,3,5,0,1,33.33333333333333,55.55555555555556,0.0,11.11111111111111,88.88888888888889,11.11111111111111
2024-05-24,-22.22222222222222,-0.10765555555555556,9,2,1,3,3,22.22222222222222,11.11111111111111,33.33333333333333,33.33333333333333,33.33333333333333,66.66666666666666
2024-05-25,-30.0,-0.08812,10,2,1,3,4,20.0,10.0,30.0,40.0,30.0,70.0
2024-05-26,-15.0,-0.041870000000000004,10,2,2,3,3,20.0,20.0,30.0,30.0,40.0,60.0
2024-05-27,-5.0,-0.09553999999999999,10,1,5,0,4,10.0,50.0,0.0,40.0,60.0,40.0
2024-05-28,-11.11111111111111,-0.07368888888888889,9,1,3,3,2,11.11111111111111,33.33333333333333,33.33333333333333,22.22222222222222,44.44444444444444,55.55555555555556
2024-05-29,-19.230769230769234,-0.08163076923076923,13,2,3,4,4,15.384615384615385,23.076923076923077,30.76923076923077,30.76923076923077,38.46153846153847,61.53846153846154
2024-05-30,-14.705882352941178,-0.06854117647058823,17,3,4,5,5,17.647058823529413,23.52941176470588,29.411764705882355,29.411764705882355,41.17647058823529,58.82352941176471
2024-05-31,3.8461538461538463,-0.022100000000000005,13,3,4,3,3,23.076923076923077,30.76923076923077,23.076923076923077,23.076923076923077,53.84615384615385,46.15384615384615
2024-06-01,-7.142857142857142,-0.08308571428571429,7,1,3,0,3,14.285714285714285,42.857142857142854,0.0,42.857142857142854,57.14285714285714,42.857142857142854
2024-06-02,-25.0,-0.15440000000000004,8,2,1,1,4,25.0,12.5,12.5,50.0,37.5,62.5
2024-06-03,-13.636363636363635,-0.15350000000000003,11,2,3,2,4,18.181818181818183,27.27272727272727,18.181818181818183,36.36363636363637,45.45454545454545,54.54545454545454
2024-06-04,0.0,-0.022381249999999995,16,2,6,6,2,12.5,37.5,37.5,12.5,50.0,50.0
2024-06-05,-30.0,-0.11941500000000001,20,1,6,6,7,5.0,30.0,30.0,35.0,35.0,65.0
2024-06-06,-31.57894736842105,-0.13983684210526315,19,2,4,6,7,10.526315789473683,21.052631578947366,31.57894736842105,36.84210526315789,31.57894736842105,68.42105263157895
2024-06-07,4.166666666666666,-0.022675000000000004,12,2,4,5,1,16.666666666666664,33.33333333333333,41.66666666666667,8.333333333333332,50.0,50.0
2024-06-08,25.0,0.010089999999999998,10,1,6,3,0,10.0,60.0,30.0,0.0,70.0,30.0
2024-06-09,23.333333333333332,0.04443999999999999,15,3,7,4,1,20.0,46.666666666666664,26.666666666666668,6.666666666666667,66.66666666666666,33.33333333333333
2024-06-10,-2.5,-0.02309,20,3,6,9,2,15.0,30.0,45.0,10.0,45.0,55.00000000000001
2024-06-11,10.0,-0.025074999999999993,20,2,10,6,2,10.0,50.0,30.0,10.0,60.0,40.0
2024-06-12,25.0,0.11761999999999999,20,6,6,8,0,30.0,30.0,40.0,0.0,60.0,40.0
2024-06-13,10.0,0.098355,20,5,5,9,1,25.0,25.0,45.0,5.0,50.0,50.0
2024-06-14,40.0,0.21386500000000006,20,7,8,4,1,35.0,40.0,20.0,5.0,75.0,25.0
2024-06-15,55.00000000000001,0.26614000000000004,10,3,6,1,0,30.0,60.0,10.0,0.0,90.0,10.0
2024-06-16,54.166666666666664,0.17929166666666665,12,3,8,1,0,25.0,66.66666666666666,8.333333333333332,0.0,91.66666666666666,8.333333333333332
2024-06-17,47.5,0.170155,20,6,11,2,1,30.0,55.00000000000001,10.0,5.0,85.0,15.0
2024-06-18,38.23529411764706,0.10610588235294117,17,3,11,2,1,17.647058823529413,64.70588235294117,11.76470588235294,5.88235294117647,82.35294117647058,17.647058823529413
2024-06-19,45.0,0.04990000000000001,10,2,7,0,1,20.0,70.0,0.0,10.0,90.0,10.0
2024-06-20,0.0,-0.09268181818181817,11,2,4,2,3,18.181818181818183,36.36363636363637,18.181818181818183,27.27272727272727,54.54545454545454,45.45454545454545
2024-06-21,-10.0,-0.10877999999999999,10,1,4,2,3,10.0,40.0,20.0,30.0,50.0,50.0
2024-06-22,15.0,-0.03323,10,2,5,0,3,20.0,50.0,0.0,30.0,70.0,30.0
2024-06-23,33.33333333333333,0.027288888888888887,9,2,5,1,1,22.22222222222222,55.55555555555556,11.11111111111111,11.11111111111111,77.77777777777779,22.22222222222222
2024-06-24,-6.25,-0.11785000000000001,8,1,3,2,2,12.5,37.5,25.0,25.0,50.0,50.0
2024-06-25,0.0,-0.06065555555555556,9,2,3,1,3,22.22222222222222,33.33333333333333,11.11111111111111,33.33333333333333,55.55555555555556,44.44444444444444
2024-06-26,43.75,0.0983375,8,2,5,0,1,25.0,62.5,0.0,12.5,87.5,12.5
2024-06-27,41.66666666666667,0.0477,12,0,11,1,0,0.0,91.66666666666666,8.333333333333332,0.0,91.66666666666666,8.333333333333332
2024-06-28,22.22222222222222,-0.021422222222222224,9,0,7,1,1,0.0,77.77777777777779,11.11111111111111,11.11111111111111,77.77777777777779,22.22222222222222
2024-06-29,15.0,0.011040000000000003,10,2,5,0,3,20.0,50.0,0.0,30.0,70.0,30.0
2024-06-30,66.66666666666666,0.17820000000000003,9,3,6,0,0,33.33333333333333,66.66666666666666,0.0,0.0,100.0,0.0
2024-07-01,60.0,0.18100999999999998,20,6,13,1,0,30.0,65.0,5.0,0.0,95.0,5.0
2024-07-02,62.5,0.16541999999999998,20,5,15,0,0,25.0,75.0,0.0,0.0,100.0,0.0
2024-07-03,22.5,0.027949999999999992,20,3,12,1,4,15.0,60.0,5.0,20.0,75.0,25.0
2024-07-04,42.5,0.18517000000000003,20,8,8,1,3,40.0,40.0,5.0,15.0,80.0,20.0
2024-07-05,71.875,0.32262500000000005,16,9,6,1,0,56.25,37.5,6.25,0.0,93.75,6.25
2024-07-06,55.55555555555556,0.15505555555555556,9,3,5,1,0,33.33333333333333,55.55555555555556,11.11111111111111,0.0,88.88888888888889,11.11111111111111
2024-07-07,32.142857142857146,0.1040857142857143,14,6,4,1,3,42.857142857142854,28.57142857142857,7.142857142857142,21.428571428571427,71.42857142857143,28.57142857142857
2024-07-08,22.5,0.091865,20,7,7,0,6,35.0,35.0,0.0,30.0,70.0,30.0
2024-07-09,40.0,0.14913999999999994,20,7,9,1,3,35.0,45.0,5.0,15.0,80.0,20.0
2024-07-10,45.0,0.17806499999999997,20,8,8,2,2,40.0,40.0,10.0,10.0,80.0,20.0
2024-07-11,35.0,0.07454500000000001,20,4,12,2,2,20.0,60.0,10.0,10.0,80.0,20.0
2024-07-12,36.36363636363637,0.06816363636363636,11,3,6,0,2,27.27272727272727,54.54545454545454,0.0,18.181818181818183,81.81818181818183,18.181818181818183
2024-07-13,25.0,0.07552,10,2,5,2,1,20.0,50.0,20.0,10.0,70.0,30.0
2024-07-14,0.0,-0.07973333333333332,12,1,6,2,3,8.333333333333332,50.0,16.666666666666664,25.0,58.333333333333336,41.66666666666667
2024-07-15,0.0,-0.09421666666666667,12,1,6,2,3,8.333333333333332,50.0,16.666666666666664,25.0,58.333333333333336,41.66666666666667
2024-07-16,45.45454545454545,0.11445454545454545,11,4,5,1,1,36.36363636363637,45.45454545454545,9.090909090909092,9.090909090909092,81.81818181818183,18.181818181818183
2024-07-17,65.0,0.23123000000000005,10,5,4,1,0,50.0,40.0,10.0,0.0,90.0,10.0
2024-07-18,11.11111111111111,-0.01825555555555555,9,1,5,1,2,11.11111111111111,55.55555555555556,11.11111111111111,22.22222222222222,66.66666666666666,33.33333333333333
2024-07-19,20.0,0.03440000000000002,10,2,5,1,2,20.0,50.0,10.0,20.0,70.0,30.0
2024-07-20,15.0,-0.035719999999999995,10,2,4,3,1,20.0,40.0,30.0,10.0,60.0,40.0
2024-07-21,31.818181818181817,0.015572727272727273,11,1,8,1,1,9.090909090909092,72.72727272727273,9.090909090909092,9.090909090909092,81.81818181818183,18.181818181818183
2024-07-22,30.0,0.014595000000000002,20,2,13,5,0,10.0,65.0,25.0,0.0,75.0,25.0
2024-07-23,20.0,0.02542000000000002,20,4,10,2,4,20.0,50.0,10.0,20.0,70.0,30.0
2024-07-24,25.0,0.03591,20,4,11,1,4,20.0,55.00000000000001,5.0,20.0,75.0,25.0
2024-07-25,5.555555555555555,-0.1275111111111111,18,1,11,1,5,5.555555555555555,61.111111111111114,5.555555555555555,27.77777777777778,66.66666666666666,33.33333333333333
2024-07-26,0.0,-0.09541111111111111,9,2,3,1,3,22.22222222222222,33.33333333333333,11.11111111111111,33.33333333333333,55.55555555555556,44.44444444444444
2024-07-27,0.0,-0.04075555555555556,9,2,3,1,3,22.22222222222222,33.33333333333333,11.11111111111111,33.33333333333333,55.55555555555556,44.44444444444444
2024-07-28,6.25,-0.07167499999999999,8,2,3,0,3,25.0,37.5,0.0,37.5,62.5,37.5
2024-07-29,27.27272727272727,0.04511818181818183,11,3,5,1,2,27.27272727272727,45.45454545454545,9.090909090909092,18.181818181818183,72.72727272727273,27.27272727272727
2024-07-30,45.0,0.15905,10,4,4,1,1,40.0,40.0,10.0,10.0,80.0,20.0
2024-07-31,45.0,0.11978,10,2,7,0,1,20.0,70.0,0.0,10.0,90.0,10.0
2024-08-01,23.076923076923077,0.0687153846153846,13,2,7,3,1,15.384615384615385,53.84615384615385,23.076923076923077,7.6923076923076925,69.23076923076923,30.76923076923077
2024-08-02,-7.142857142857142,-0.0126857142857143,7,1,2,3,1,14.285714285714285,28.57142857142857,42.857142857142854,14.285714285714285,42.857142857142854,57.14285714285714
2024-08-03,5.0,0.00706999999999999,10,3,2,3,2,30.0,20.0,30.0,20.0,50.0,50.0
2024-08-04,40.0,0.13113000000000002,10,3,5,1,1,30.0,50.0,10.0,10.0,80.0,20.0
2024-08-05,42.5,0.13762999999999997,20,7,9,2,2,35.0,45.0,10.0,10.0,80.0,20.0
2024-08-06,32.5,0.078065,20,5,10,3,2,25.0,50.0,15.0,10.0,75.0,25.0
2024-08-07,7.6923076923076925,0.006353846153846159,13,2,6,2,3,15.384615384615385,46.15384615384615,15.384615384615385,23.076923076923077,61.53846153846154,38.46153846153847
2024-08-08,-3.8461538461538463,-0.04469230769230769,13,2,5,2,4,15.384615384615385,38.46153846153847,15.384615384615385,30.76923076923077,53.84615384615385,46.15384615384615
2024-08-09,33.33333333333333,0.08856666666666665,9,2,5,1,1,22.22222222222222,55.55555555555556,11.11111111111111,11.11111111111111,77.77777777777779,22.22222222222222
2024-08-10,7.142857142857142,0.05964285714285716,7,3,1,0,3,42.857142857142854,14.285714285714285,0.0,42.857142857142854,57.14285714285714,42.857142857142854
2024-08-11,11.11111111111111,0.06298888888888889,9,2,4,0,3,22.22222222222222,44.44444444444444,0.0,33.33333333333333,66.66666666666666,33.33333333333333
2024-08-12,36.36363636363637,0.12007272727272729,11,2,7,1,1,18.181818181818183,63.63636363636363,9.090909090909092,9.090909090909092,81.81818181818183,18.181818181818183
2024-08-13,30.0,0.10436000000000001,10,2,5,3,0,20.0,50.0,30.0,0.0,70.0,30.0
2024-08-14,44.44444444444444,0.15594444444444447,9,3,4,2,0,33.33333333333333,44.44444444444444,22.22222222222222,0.0,77.77777777777779,22.22222222222222
2024-08-15,11.11111111111111,-0.02711111111111111,9,1,5,1,2,11.11111111111111,55.55555555555556,11.11111111111111,22.22222222222222,66.66666666666666,33.33333333333333
2024-08-16,-12.5,-0.057725000000000005,8,0,4,2,2,0.0,50.0,25.0,25.0,50.0,50.0
2024-08-17,12.5,0.059675000000000006,8,2,3,1,2,25.0,37.5,12.5,25.0,62.5,37.5
2024-08-18,10.0,-0.003199999999999997,10,1,6,0,3,10.0,60.0,0.0,30.0,70.0,30.0
2024-08-19,6.25,-0.102575,8,1,4,1,2,12.5,50.0,12.5,25.0,62.5,37.5
2024-08-20,27.27272727272727,0.07441818181818181,11,2,6,2,1,18.181818181818183,54.54545454545454,18.181818181818183,9.090909090909092,72.72727272727273,27.27272727272727
2024-08-21,8.333333333333332,0.01675,12,1,7,1,3,8.333333333333332,58.333333333333336,8.333333333333332,25.0,66.66666666666666,33.33333333333333
2024-08-22,-20.0,-0.13455,10,1,4,0,5,10.0,40.0,0.0,50.0,50.0,50.0
2024-08-23,31.25,0.15157500000000002,8,3,3,0,2,37.5,37.5,0.0,25.0,75.0,25.0
2024-08-24,11.11111111111111,0.0057444444444444505,9,2,4,0,3,22.22222222222222,44.44444444444444,0.0,33.33333333333333,66.66666666666666,33.33333333333333
2024-08-25,5.0,0.02037,10,2,4,1,3,20.0,40.0,10.0,30.0,60.0,40.0
2024-08-26,30.0,0.13760999999999998,10,3,4,2,1,30.0,40.0,20.0,10.0,70.0,30.0
2024-08-27,31.25,0.0444625,8,2,4,1,1,25.0,50.0,12.5,12.5,75.0,25.0
2024-08-28,19.230769230769234,-0.011946153846153855,13,3,6,1,3,23.076923076923077,46.15384615384615,7.6923076923076925,23.076923076923077,69.23076923076923,30.76923076923077
2024-08-29,10.0,-0.05849000000000002,10,1,6,0,3,10.0,60.0,0.0,30.0,70.0,30.0
2024-08-30,5.0,-0.042019999999999995,10,1,5,2,2,10.0,50.0,20.0,20.0,60.0,40.0
2024-08-31,-5.0,-0.09526000000000001,10,2,3,2,3,20.0,30.0,20.0,30.0,50.0,50.0
2024-09-01,15.0,0.0258,10,4,2,1,3,40.0,20.0,10.0,30.0,60.0,40.0
2024-09-02,60.0,0.20925000000000002,10,5,4,0,1,50.0,40.0,0.0,10.0,90.0,10.0
2024-09-03,57.692307692307686,0.18723076923076926,13,5,7,0,1,38.46153846153847,53.84615384615385,0.0,7.6923076923076925,92.3076923076923,7.6923076923076925
2024-09-04,37.5,0.1590875,16,5,8,0,3,31.25,50.0,0.0,18.75,81.25,18.75
2024-09-05,52.77777777777778,0.22878333333333334,18,7,9,0,2,38.88888888888889,50.0,0.0,11.11111111111111,88.88888888888889,11.11111111111111
2024-09-06,40.0,0.13798,10,4,4,0,2,40.0,40.0,0.0,20.0,80.0,20.0
2024-09-07,10.0,-0.07894000000000001,10,3,3,1,3,30.0,30.0,10.0,30.0,60.0,40.0
2024-09-08,46.15384615384615,0.09822307692307691,13,3,8,2,0,23.076923076923077,61.53846153846154,15.384615384615385,0.0,84.61538461538461,15.384615384615385
2024-09-09,42.857142857142854,0.060442857142857145,14,3,9,1,1,21.428571428571427,64.28571428571429,7.142857142857142,7.142857142857142,85.71428571428571,14.285714285714285
2024-09-10,38.88888888888889,0.036855555555555565,9,1,7,0,1,11.11111111111111,77.77777777777779,0.0,11.11111111111111,88.88888888888889,11.11111111111111
2024-09-11,44.44444444444444,0.15857777777777776,9,3,4,2,0,33.33333333333333,44.44444444444444,22.22222222222222,0.0,77.77777777777779,22.22222222222222
2024-09-12,10.0,0.13369999999999999,10,5,0,2,3,50.0,0.0,20.0,30.0,50.0,50.0
2024-09-13,-5.555555555555555,0.05542222222222221,9,4,0,1,4,44.44444444444444,0.0,11.11111111111111,44.44444444444444,44.44444444444444,55.55555555555556
2024-09-14,20.0,0.11355000000000004,10,4,2,2,2,40.0,20.0,20.0,20.0,60.0,40.0
2024-09-15,27.77777777777778,0.22956666666666667,9,5,0,3,1,55.55555555555556,0.0,33.33333333333333,11.11111111111111,55.55555555555556,44.44444444444444
2024-09-16,40.0,0.22796000000000002,10,5,2,2,1,50.0,20.0,20.0,10.0,70.0,30.0
2024-09-17,35.0,0.16452,10,4,3,2,1,40.0,30.0,20.0,10.0,70.0,30.0
2024-09-18,40.0,0.17611,10,3,5,1,1,30.0,50.0,10.0,10.0,80.0,20.0
2024-09-19,45.0,0.18064999999999998,10,4,4,1,1,40.0,40.0,10.0,10.0,80.0,20.0
2024-09-20,40.0,0.17639,10,5,2,2,1,50.0,20.0,20.0,10.0,70.0,30.0
2024-09-21,7.142857142857142,0.08728571428571431,7,3,1,0,3,42.857142857142854,14.285714285714285,0.0,42.857142857142854,57.14285714285714,42.857142857142854
2024-09-22,11.538461538461538,-0.06043076923076924,13,2,7,0,4,15.384615384615385,53.84615384615385,0.0,30.76923076923077,69.23076923076923,30.76923076923077
2024-09-23,37.5,0.05588124999999999,16,4,9,1,2,25.0,56.25,6.25,12.5,81.25,18.75
2024-09-24,55.00000000000001,0.16445,10,5,3,2,0,50.0,30.0,20.0,0.0,80.0,20.0
2024-09-25,38.88888888888889,0.16213333333333332,9,3,4,1,1,33.33333333333333,44.44444444444444,11.11111111111111,11.11111111111111,77.77777777777779,22.22222222222222
2024-09-26,36.36363636363637,0.1403090909090909,11,2,7,1,1,18.181818181818183,63.63636363636363,9.090909090909092,9.090909090909092,81.81818181818183,18.181818181818183
2024-09-27,45.0,0.08858,10,1,8,1,0,10.0,80.0,10.0,0.0,90.0,10.0
2024-09-28,-5.0,-0.07009000000000001,10,2,3,2,3,20.0,30.0,20.0,30.0,50.0,50.0
2024-09-29,21.428571428571427,0.026585714285714275,14,3,7,1,3,21.428571428571427,50.0,7.142857142857142,21.428571428571427,71.42857142857143,28.57142857142857
2024-09-30,32.5,0.04016499999999999,20,5,11,0,4,25.0,55.00000000000001,0.0,20.0,80.0,20.0
2024-10-01,27.500000000000004,0.06468499999999999,20,7,7,2,4,35.0,35.0,10.0,20.0,70.0,30.0
2024-10-02,10.0,-0.03213500000000001,20,5,7,3,5,25.0,35.0,15.0,25.0,60.0,40.0
2024-10-03,5.555555555555555,-0.03237222222222222,18,3,8,2,5,16.666666666666664,44.44444444444444,11.11111111111111,27.77777777777778,61.111111111111114,38.88888888888889
2024-10-04,14.285714285714285,0.02745000000000001,14,3,6,2,3,21.428571428571427,42.857142857142854,14.285714285714285,21.428571428571427,64.28571428571429,35.714285714285715
2024-10-05,-7.6923076923076925,-0.10887692307692308,13,2,5,1,5,15.384615384615385,38.46153846153847,7.6923076923076925,38.46153846153847,53.84615384615385,46.15384615384615
2024-10-06,-8.823529411764707,-0.1074764705882353,17,3,6,1,7,17.647058823529413,35.294117647058826,5.88235294117647,41.17647058823529,52.94117647058824,47.05882352941176
2024-10-07,7.5,-0.048845,20,4,9,0,7,20.0,45.0,0.0,35.0,65.0,35.0
2024-10-08,22.5,-0.0015250000000000068,20,4,11,0,5,20.0,55.00000000000001,0.0,25.0,75.0,25.0
2024-10-09,40.0,0.04669500000000001,20,4,13,1,2,20.0,65.0,5.0,10.0,85.0,15.0
2024-10-10,-7.5,-0.11450500000000001,20,1,10,3,6,5.0,50.0,15.0,30.0,55.00000000000001,45.0
2024-10-11,-7.5,-0.08729499999999998,20,1,10,3,6,5.0,50.0,15.0,30.0,55.00000000000001,45.0
2024-10-12,31.818181818181817,0.1389,11,2,7,0,2,18.181818181818183,63.63636363636363,0.0,18.181818181818183,81.81818181818183,18.181818181818183
2024-10-13,13.88888888888889,-0.05113888888888889,18,1,12,1,4,5.555555555555555,66.66666666666666,5.555555555555555,22.22222222222222,72.22222222222221,27.77777777777778
2024-10-14,27.500000000000004,0.02747,20,4,11,2,3,20.0,55.00000000000001,10.0,15.0,75.0,25.0
2024-10-15,10.0,0.005429999999999989,20,5,6,6,3,25.0,30.0,30.0,15.0,55.00000000000001,45.0
2024-10-16,0.0,-0.03493333333333334,15,1,7,5,2,6.666666666666667,46.666666666666664,33.33333333333333,13.333333333333334,53.333333333333336,46.666666666666664
2024-10-17,-13.333333333333334,-0.1661066666666667,15,0,8,2,5,0.0,53.333333333333336,13.333333333333334,33.33333333333333,53.333333333333336,46.666666666666664
2024-10-18,-15.384615384615385,-0.18617692307692307,13,1,6,0,6,7.6923076923076925,46.15384615384615,0.0,46.15384615384615,53.84615384615385,46.15384615384615
2024-10-19,6.25,-0.0033875000000000016,8,2,3,0,3,25.0,37.5,0.0,37.5,62.5,37.5
2024-10-20,-4.545454545454546,-0.11963636363636367,11,1,5,2,3,9.090909090909092,45.45454545454545,18.181818181818183,27.27272727272727,54.54545454545454,45.45454545454545
2024-10-21,32.35294117647059,0.010964705882352946,17,3,10,3,1,17.647058823529413,58.82352941176471,17.647058823529413,5.88235294117647,76.47058823529412,23.52941176470588
2024-10-22,35.0,0.12183000000000002,20,6,9,3,2,30.0,45.0,15.0,10.0,75.0,25.0
2024-10-23,77.5,0.48149,20,14,5,0,1,70.0,25.0,0.0,5.0,95.0,5.0
2024-10-24,67.5,0.40275999999999995,20,13,5,0,2,65.0,25.0,0.0,10.0,90.0,10.0
2024-10-25,50.0,0.20760499999999998,20,9,8,0,3,45.0,40.0,0.0,15.0,85.0,15.0
2024-10-26,26.666666666666668,0.12674000000000002,15,7,3,1,4,46.666666666666664,20.0,6.666666666666667,26.666666666666668,66.66666666666666,33.33333333333333
2024-10-27,32.5,0.07572500000000001,20,6,9,2,3,30.0,45.0,10.0,15.0,75.0,25.0
2024-10-28,35.0,0.026740000000000007,20,2,15,1,2,10.0,75.0,5.0,10.0,85.0,15.0
2024-10-29,12.5,-0.02181500000000001,20,2,12,1,5,10.0,60.0,5.0,25.0,70.0,30.0
2024-10-30,10.0,0.00897500000000001,20,5,7,3,5,25.0,35.0,15.0,25.0,60.0,40.0
2024-10-31,5.0,-0.012205000000000004,20,5,6,4,5,25.0,30.0,20.0,25.0,55.00000000000001,45.0
2024-11-01,18.181818181818183,0.0029909090909090844,11,2,6,0,3,18.181818181818183,54.54545454545454,0.0,27.27272727272727,72.72727272727273,27.27272727272727
2024-11-02,44.44444444444444,0.05866666666666668,9,2,6,0,1,22.22222222222222,66.66666666666666,0.0,11.11111111111111,88.88888888888889,11.11111111111111
2024-11-03,23.076923076923077,0.030730769230769235,13,2,7,3,1,15.384615384615385,53.84615384615385,23.076923076923077,7.6923076923076925,69.23076923076923,30.76923076923077
2024-11-04,20.0,0.0073649999999999965,20,1,13,5,1,5.0,65.0,25.0,5.0,70.0,30.0
2024-11-05,57.49999999999999,0.23722,20,8,10,1,1,40.0,50.0,5.0,5.0,90.0,10.0
2024-11-06,50.0,0.20456500000000002,20,8,9,1,2,40.0,45.0,5.0,10.0,85.0,15.0
2024-11-07,67.5,0.35926,20,12,6,1,1,60.0,30.0,5.0,5.0,90.0,10.0
2024-11-08,80.0,0.395645,20,12,8,0,0,60.0,40.0,0.0,0.0,100.0,0.0
2024-11-09,62.5,0.368395,20,13,4,1,2,65.0,20.0,5.0,10.0,85.0,15.0
2024-11-10,60.0,0.23572500000000002,20,10,8,0,2,50.0,40.0,0.0,10.0,90.0,10.0
2024-11-11,30.0,0.08387499999999999,20,7,8,0,5,35.0,40.0,0.0,25.0,75.0,25.0
2024-11-12,22.5,0.008069999999999999,20,3,12,1,4,15.0,60.0,5.0,20.0,75.0,25.0
2024-11-13,0.0,-0.11269,20,3,9,1,7,15.0,45.0,5.0,35.0,60.0,40.0
2024-11-14,20.0,0.04567,20,6,7,3,4,30.0,35.0,15.0,20.0,65.0,35.0
2024-11-15,29.411764705882355,0.06178823529411767,17,4,8,4,1,23.52941176470588,47.05882352941176,23.52941176470588,5.88235294117647,70.58823529411765,29.411764705882355
2024-11-16,-4.545454545454546,-0.03863636363636364,11,1,4,5,1,9.090909090909092,36.36363636363637,45.45454545454545,9.090909090909092,45.45454545454545,54.54545454545454
2024-11-17,60.0,0.19221000000000005,20,10,7,3,0,50.0,35.0,15.0,0.0,85.0,15.0
2024-11-18,62.5,0.17181000000000002,20,9,9,2,0,45.0,45.0,10.0,0.0,90.0,10.0
2024-11-19,57.49999999999999,0.14500000000000002,20,6,13,0,1,30.0,65.0,0.0,5.0,95.0,5.0
2024-11-20,15.0,-0.04352000000000001,20,4,10,0,6,20.0,50.0,0.0,30.0,70.0,30.0
2024-11-21,-5.0,-0.088305,20,5,6,0,9,25.0,30.0,0.0,45.0,55.00000000000001,45.0
2024-11-22,25.0,0.17700000000000002,20,10,3,1,6,50.0,15.0,5.0,30.0,65.0,35.0
2024-11-23,39.473684210526315,0.3011210526315789,19,11,2,3,3,57.89473684210527,10.526315789473683,15.789473684210526,15.789473684210526,68.42105263157895,31.57894736842105
2024-11-24,7.5,-0.009495000000000007,20,4,8,3,5,20.0,40.0,15.0,25.0,60.0,40.0
2024-11-25,22.5,0.026324999999999987,20,4,10,3,3,20.0,50.0,15.0,15.0,70.0,30.0
2024-11-26,26.666666666666668,-0.01794,15,2,10,0,3,13.333333333333334,66.66666666666666,0.0,20.0,80.0,20.0
2024-11-27,16.666666666666664,-0.005116666666666682,12,1,8,0,3,8.333333333333332,66.66666666666666,0.0,25.0,75.0,25.0
2024-11-28,40.0,0.15532,15,5,7,1,2,33.33333333333333,46.666666666666664,6.666666666666667,13.333333333333334,80.0,20.0
2024-11-29,19.444444444444446,0.02781111111111112,18,4,8,3,3,22.22222222222222,44.44444444444444,16.666666666666664,16.666666666666664,66.66666666666666,33.33333333333333
2024-11-30,-31.818181818181817,-0.21245454545454542,11,0,4,3,4,0.0,36.36363636363637,27.27272727272727,36.36363636363637,36.36363636363637,63.63636363636363
2024-12-01,-2.5,-0.07280500000000001,20,3,8,3,6,15.0,40.0,15.0,30.0,55.00000000000001,45.0
2024-12-02,-15.0,-0.112515,20,2,7,5,6,10.0,35.0,25.0,30.0,45.0,55.00000000000001
2024-12-03,-15.0,-0.124895,20,2,8,2,8,10.0,40.0,10.0,40.0,50.0,50.0
2024-12-04,15.0,-0.011604999999999999,20,3,10,4,3,15.0,50.0,20.0,15.0,65.0,35.0
2024-12-05,15.0,-0.059414999999999996,20,2,12,2,4,10.0,60.0,10.0,20.0,70.0,30.0
2024-12-06,15.0,0.051680000000000004,10,2,4,3,1,20.0,40.0,30.0,10.0,60.0,40.0
2024-12-07,7.142857142857142,-0.04311428571428571,7,1,3,2,1,14.285714285714285,42.857142857142854,28.57142857142857,14.285714285714285,57.14285714285714,42.857142857142854
2024-12-08,53.333333333333336,0.0788,15,3,11,1,0,20.0,73.33333333333333,6.666666666666667,0.0,93.33333333333333,6.666666666666667
2024-12-09,45.0,0.10735000000000001,20,4,14,0,2,20.0,70.0,0.0,10.0,90.0,10.0
2024-12-10,50.0,0.17132000000000003,20,6,12,0,2,30.0,60.0,0.0,10.0,90.0,10.0
2024-12-11,47.5,0.137815,20,5,13,0,2,25.0,65.0,0.0,10.0,90.0,10.0
2024-12-12,40.0,0.13713999999999998,20,8,8,0,4,40.0,40.0,0.0,20.0,80.0,20.0
2024-12-13,15.0,0.057560000000000014,20,7,5,3,5,35.0,25.0,15.0,25.0,60.0,40.0
2024-12-14,23.684210526315788,0.05873157894736841,19,4,10,1,4,21.052631578947366,52.63157894736842,5.263157894736842,21.052631578947366,73.68421052631578,26.31578947368421
2024-12-15,50.0,0.12113,20,6,12,0,2,30.0,60.0,0.0,10.0,90.0,10.0
2024-12-16,37.5,0.053935,20,6,10,1,3,30.0,50.0,5.0,15.0,80.0,20.0
2024-12-17,40.0,0.082355,20,4,13,1,2,20.0,65.0,5.0,10.0,85.0,15.0
2024-12-18,50.0,0.12506,20,4,14,2,0,20.0,70.0,10.0,0.0,90.0,10.0
2024-12-19,7.5,-0.07034499999999998,20,2,11,2,5,10.0,55.00000000000001,10.0,25.0,65.0,35.0
2024-12-20,0.0,-0.079435,20,3,9,1,7,15.0,45.0,5.0,35.0,60.0,40.0
2024-12-21,2.941176470588235,-0.0010294117647058865,17,5,4,3,5,29.411764705882355,23.52941176470588,17.647058823529413,29.411764705882355,52.94117647058824,47.05882352941176
2024-12-22,11.11111111111111,0.004322222222222226,18,5,6,2,5,27.77777777777778,33.33333333333333,11.11111111111111,27.77777777777778,61.111111111111114,38.88888888888889
2024-12-23,25.0,0.04086000000000001,20,5,9,3,3,25.0,45.0,15.0,15.0,70.0,30.0
2024-12-24,25.0,0.024054999999999997,20,5,9,3,3,25.0,45.0,15.0,15.0,70.0,30.0
2024-12-25,14.285714285714285,0.01181428571428573,7,2,2,2,1,28.57142857142857,28.57142857142857,28.57142857142857,14.285714285714285,57.14285714285714,42.857142857142854
2024-12-26,32.5,0.11515,20,8,6,3,3,40.0,30.0,15.0,15.0,70.0,30.0
2024-12-27,27.500000000000004,0.07398500000000001,20,6,8,3,3,30.0,40.0,15.0,15.0,70.0,30.0
2024-12-28,40.0,0.12788,10,3,5,1,1,30.0,50.0,10.0,10.0,80.0,20.0
2024-12-29,32.5,0.060845,20,4,11,4,1,20.0,55.00000000000001,20.0,5.0,75.0,25.0
2024-12-30,27.500000000000004,0.004680000000000006,20,3,12,3,2,15.0,60.0,15.0,10.0,75.0,25.0
2024-12-31,25.0,0.012205000000000002,20,4,10,4,2,20.0,50.0,20.0,10.0,70.0,30.0
2025-01-01,2.5,-0.06566499999999999,20,2,9,6,3,10.0,45.0,30.0,15.0,55.00000000000001,45.0
2025-01-02,2.5,-0.077255,20,2,9,6,3,10.0,45.0,30.0,15.0,55.00000000000001,45.0
2025-01-03,2.5,-0.07756500000000002,20,3,8,5,4,15.0,40.0,25.0,20.0,55.00000000000001,45.0
2025-01-04,-15.384615384615385,-0.08066153846153847,13,2,4,2,5,15.384615384615385,30.76923076923077,15.384615384615385,38.46153846153847,46.15384615384615,53.84615384615385
2025-01-05,15.0,0.05059,20,5,8,2,5,25.0,40.0,10.0,25.0,65.0,35.0
2025-01-06,20.0,0.03064,20,2,12,4,2,10.0,60.0,20.0,10.0,70.0,30.0
2025-01-07,22.5,0.02207,20,3,11,4,2,15.0,55.00000000000001,20.0,10.0,70.0,30.0
2025-01-08,42.5,0.06937,20,4,13,2,1,20.0,65.0,10.0,5.0,85.0,15.0
2025-01-09,25.0,0.07420500000000001,20,5,9,3,3,25.0,45.0,15.0,15.0,70.0,30.0
2025-01-10,22.5,0.08579,20,6,7,4,3,30.0,35.0,20.0,15.0,65.0,35.0
2025-01-11,20.588235294117645,0.10995294117647057,17,5,6,3,3,29.411764705882355,35.294117647058826,17.647058823529413,17.647058823529413,64.70588235294117,35.294117647058826
2025-01-12,10.0,-0.028565,20,4,8,4,4,20.0,40.0,20.0,20.0,60.0,40.0
2025-01-13,17.5,-0.05562000000000002,20,3,11,2,4,15.0,55.00000000000001,10.0,20.0,70.0,30.0
2025-01-14,22.5,0.015955000000000004,20,3,12,1,4,15.0,60.0,5.0,20.0,75.0,25.0
2025-01-15,25.0,0.04309500000000001,20,3,12,2,3,15.0,60.0,10.0,15.0,75.0,25.0
2025-01-16,40.0,0.087725,20,4,13,1,2,20.0,65.0,5.0,10.0,85.0,15.0
2025-01-17,41.66666666666667,0.14036666666666667,18,5,10,1,2,27.77777777777778,55.55555555555556,5.555555555555555,11.11111111111111,83.33333333333334,16.666666666666664
2025-01-18,-5.555555555555555,-0.10232222222222223,9,1,4,1,3,11.11111111111111,44.44444444444444,11.11111111111111,33.33333333333333,55.55555555555556,44.44444444444444
2025-01-19,13.333333333333334,-0.027560000000000008,15,4,6,0,5,26.666666666666668,40.0,0.0,33.33333333333333,66.66666666666666,33.33333333333333
2025-01-20,12.5,-0.08429,20,2,12,1,5,10.0,60.0,5.0,25.0,70.0,30.0
2025-01-21,25.0,-0.0004949999999999983,20,4,11,1,4,20.0,55.00000000000001,5.0,20.0,75.0,25.0
2025-01-22,45.0,0.16531,20,7,9,3,1,35.0,45.0,15.0,5.0,80.0,20.0
2025-01-23,25.0,0.015400000000000007,20,4,10,4,2,20.0,50.0,20.0,10.0,70.0,30.0
2025-01-24,45.0,0.099095,20,7,9,3,1,35.0,45.0,15.0,5.0,80.0,20.0
2025-01-25,37.5,0.11920000000000001,12,4,5,2,1,33.33333333333333,41.66666666666667,16.666666666666664,8.333333333333332,75.0,25.0
2025-01-26,37.5,0.11399,20,5,11,2,2,25.0,55.00000000000001,10.0,10.0,80.0,20.0
2025-01-27,35.0,0.078785,20,3,13,3,1,15.0,65.0,15.0,5.0,80.0,20.0
2025-01-28,25.0,0.036950000000000004,20,3,11,5,1,15.0,55.00000000000001,25.0,5.0,70.0,30.0
2025-01-29,37.5,0.079735,20,4,12,3,1,20.0,60.0,15.0,5.0,80.0,20.0
2025-01-30,22.5,0.04485,20,4,10,3,3,20.0,50.0,15.0,15.0,70.0,30.0
2025-01-31,5.0,-0.04520500000000001,20,4,8,2,6,20.0,40.0,10.0,30.0,60.0,40.0
2025-02-01,-14.285714285714285,-0.0718,14,3,3,3,5,21.428571428571427,21.428571428571427,21.428571428571427,35.714285714285715,42.857142857142854,57.14285714285714
2025-02-02,20.0,-0.021229999999999992,20,3,12,0,5,15.0,60.0,0.0,25.0,75.0,25.0
2025-02-03,22.5,-0.003949999999999998,20,3,12,1,4,15.0,60.0,5.0,20.0,75.0,25.0
2025-02-04,7.5,0.0019350000000000033,20,4,8,3,5,20.0,40.0,15.0,25.0,60.0,40.0
2025-02-05,20.0,0.03940000000000002,20,3,11,3,3,15.0,55.00000000000001,15.0,15.0,70.0,30.0
2025-02-06,12.5,-0.029004999999999993,20,2,12,1,5,10.0,60.0,5.0,25.0,70.0,30.0
2025-02-07,10.0,-0.0259,20,3,10,2,5,15.0,50.0,10.0,25.0,65.0,35.0
2025-02-08,-8.333333333333332,-0.05578333333333335,6,1,2,1,2,16.666666666666664,33.33333333333333,16.666666666666664,33.33333333333333,50.0,50.0
2025-02-09,22.5,0.04590500000000001,20,3,11,4,2,15.0,55.00000000000001,20.0,10.0,70.0,30.0
2025-02-10,2.5,-0.03207,20,1,11,4,4,5.0,55.00000000000001,20.0,20.0,60.0,40.0
2025-02-11,-7.5,-0.09908000000000002,20,0,11,4,5,0.0,55.00000000000001,20.0,25.0,55.00000000000001,45.0
2025-02-12,-7.5,-0.11006000000000002,20,1,10,3,6,5.0,50.0,15.0,30.0,55.00000000000001,45.0
2025-02-13,15.0,0.02481500000000001,20,6,7,1,6,30.0,35.0,5.0,30.0,65.0,35.0
2025-02-14,12.5,-0.02258,20,6,6,3,5,30.0,30.0,15.0,25.0,60.0,40.0
2025-02-15,-11.538461538461538,-0.12938461538461538,13,2,4,3,4,15.384615384615385,30.76923076923077,23.076923076923077,30.76923076923077,46.15384615384615,53.84615384615385
2025-02-16,-5.555555555555555,-0.07014444444444445,9,2,2,3,2,22.22222222222222,22.22222222222222,33.33333333333333,22.22222222222222,44.44444444444444,55.55555555555556
2025-02-17,-2.7777777777777777,-0.014588888888888886,18,5,3,6,4,27.77777777777778,16.666666666666664,33.33333333333333,22.22222222222222,44.44444444444444,55.55555555555556
2025-02-18,-7.5,-0.06211,20,4,5,6,5,20.0,25.0,30.0,25.0,45.0,55.00000000000001
2025-02-19,2.5,-0.10016499999999999,20,2,10,3,5,10.0,50.0,15.0,25.0,60.0,40.0
2025-02-20,17.5,0.016734999999999996,20,4,10,1,5,20.0,50.0,5.0,25.0,70.0,30.0
2025-02-21,15.0,0.032729999999999995,20,5,8,2,5,25.0,40.0,10.0,25.0,65.0,35.0
2025-02-22,10.0,0.02356999999999998,10,3,3,1,3,30.0,30.0,10.0,30.0,60.0,40.0
2025-02-23,7.5,-0.058135000000000006,20,3,9,4,4,15.0,45.0,20.0,20.0,60.0,40.0
2025-02-24,0.0,-0.0697,20,1,11,3,5,5.0,55.00000000000001,15.0,25.0,60.0,40.0
2025-02-25,-7.5,-0.07640499999999999,20,2,9,2,7,10.0,45.0,10.0,35.0,55.00000000000001,45.0
2025-02-26,-15.0,-0.12278499999999999,20,3,7,1,9,15.0,35.0,5.0,45.0,50.0,50.0
2025-02-27,0.0,-0.063105,20,3,8,4,5,15.0,40.0,20.0,25.0,55.00000000000001,45.0
2025-02-28,-17.5,-0.16760499999999998,20,1,8,5,6,5.0,40.0,25.0,30.0,45.0,55.00000000000001
2025-03-01,-32.5,-0.224895,20,0,8,3,9,0.0,40.0,15.0,45.0,40.0,60.0
2025-03-02,15.0,-0.017029999999999986,20,4,10,0,6,20.0,50.0,0.0,30.0,70.0,30.0
2025-03-03,-17.5,-0.14741999999999997,20,3,6,3,8,15.0,30.0,15.0,40.0,45.0,55.00000000000001
2025-03-04,-10.0,-0.131575,20,1,9,5,5,5.0,45.0,25.0,25.0,50.0,50.0
2025-03-05,12.5,-0.04823000000000001,20,3,10,3,4,15.0,50.0,15.0,20.0,65.0,35.0
2025-03-06,15.0,-0.023685,20,2,12,2,4,10.0,60.0,10.0,20.0,70.0,30.0
2025-03-07,35.0,0.072885,20,4,12,2,2,20.0,60.0,10.0,10.0,80.0,20.0
2025-03-08,2.5,-0.07420500000000001,20,1,12,1,6,5.0,60.0,5.0,30.0,65.0,35.0
2025-03-09,-7.5,-0.08893499999999997,20,4,5,6,5,20.0,25.0,30.0,25.0,45.0,55.00000000000001
2025-03-10,-17.5,-0.17364,20,2,7,4,7,10.0,35.0,20.0,35.0,45.0,55.00000000000001
2025-03-11,-7.5,-0.20508499999999996,20,1,10,3,6,5.0,50.0,15.0,30.0,55.00000000000001,45.0
2025-03-12,-15.0,-0.205735,20,1,9,3,7,5.0,45.0,15.0,35.0,50.0,50.0
2025-03-13,2.5,-0.04584999999999999,20,3,8,5,4,15.0,40.0,25.0,20.0,55.00000000000001,45.0
2025-03-14,0.0,-0.07689499999999998,20,3,8,4,5,15.0,40.0,20.0,25.0,55.00000000000001,45.0
2025-03-15,-5.0,-0.07170999999999998,20,6,4,2,8,30.0,20.0,10.0,40.0,50.0,50.0
2025-03-16,-15.0,-0.07055000000000003,20,5,4,2,9,25.0,20.0,10.0,45.0,45.0,55.00000000000001
2025-03-17,-7.5,-0.11764000000000001,20,2,8,5,5,10.0,40.0,25.0,25.0,50.0,50.0
2025-03-18,12.5,-0.060540000000000004,20,2,11,4,3,10.0,55.00000000000001,20.0,15.0,65.0,35.0
2025-03-19,35.0,0.07333500000000001,20,5,11,1,3,25.0,55.00000000000001,5.0,15.0,80.0,20.0
2025-03-20,15.0,-0.034289999999999994,20,2,12,2,4,10.0,60.0,10.0,20.0,70.0,30.0
2025-03-21,-12.5,-0.147235,20,2,8,3,7,10.0,40.0,15.0,35.0,50.0,50.0
2025-03-22,22.5,-0.033625,20,2,13,2,3,10.0,65.0,10.0,15.0,75.0,25.0
2025-03-23,10.0,-0.02967000000000001,20,4,8,4,4,20.0,40.0,20.0,20.0,60.0,40.0
2025-03-24,42.5,0.16252499999999998,20,7,9,2,2,35.0,45.0,10.0,10.0,80.0,20.0
2025-03-25,42.5,0.136825,20,6,11,0,3,30.0,55.00000000000001,0.0,15.0,85.0,15.0
2025-03-26,7.5,-0.03933000000000001,20,3,10,1,6,15.0,50.0,5.0,30.0,65.0,35.0
2025-03-27,-37.5,-0.21936499999999998,20,2,4,5,9,10.0,20.0,25.0,45.0,30.0,70.0
2025-03-28,-30.0,-0.22218499999999994,20,2,5,5,8,10.0,25.0,25.0,40.0,35.0,65.0
2025-03-29,-5.0,-0.100805,20,2,9,3,6,10.0,45.0,15.0,30.0,55.00000000000001,45.0
2025-03-30,-32.5,-0.25910000000000005,20,1,7,2,10,5.0,35.0,10.0,50.0,40.0,60.0
2025-03-31,-45.0,-0.2661650000000001,20,1,5,3,11,5.0,25.0,15.0,55.00000000000001,30.0,70.0
2025-04-01,-17.5,-0.139985,20,0,10,3,7,0.0,50.0,15.0,35.0,50.0,50.0
2025-04-02,-5.0,-0.1326,20,0,12,2,6,0.0,60.0,10.0,30.0,60.0,40.0
2025-04-03,-5.0,-0.13159500000000002,20,1,11,1,7,5.0,55.00000000000001,5.0,35.0,60.0,40.0
2025-04-04,-10.0,-0.15538499999999997,20,1,10,2,7,5.0,50.0,10.0,35.0,55.00000000000001,45.0
2025-04-05,-17.5,-0.18293500000000001,20,1,8,5,6,5.0,40.0,25.0,30.0,45.0,55.00000000000001
2025-04-06,-27.500000000000004,-0.23074,20,2,6,3,9,10.0,30.0,15.0,45.0,40.0,60.0
2025-04-07,-40.0,-0.24197000000000002,20,2,4,4,10,10.0,20.0,20.0,50.0,30.0,70.0
2025-04-08,-40.0,-0.22981,20,1,6,2,11,5.0,30.0,10.0,55.00000000000001,35.0,65.0
2025-04-09,-10.0,-0.11359500000000003,20,3,8,0,9,15.0,40.0,0.0,45.0,55.00000000000001,45.0
2025-04-10,0.0,-0.019890000000000005,20,4,7,3,6,20.0,35.0,15.0,30.0,55.00000000000001,45.0
2025-04-11,-20.0,-0.13350999999999996,20,1,8,4,7,5.0,40.0,20.0,35.0,45.0,55.00000000000001
2025-04-12,-40.0,-0.21726,10,0,3,3,4,0.0,30.0,30.0,40.0,30.0,70.0
2025-04-13,-27.500000000000004,-0.18572,20,2,6,3,9,10.0,30.0,15.0,45.0,40.0,60.0
2025-04-14,-27.500000000000004,-0.243655,20,1,8,1,10,5.0,40.0,5.0,50.0,45.0,55.00000000000001
2025-04-15,-20.0,-0.19882499999999997,20,1,8,4,7,5.0,40.0,20.0,35.0,45.0,55.00000000000001
2025-04-16,-10.0,-0.138875,20,3,6,6,5,15.0,30.0,30.0,25.0,45.0,55.00000000000001
2025-04-17,-2.5,-0.062235000000000006,20,6,4,3,7,30.0,20.0,15.0,35.0,50.0,50.0
2025-04-18,-31.25,-0.193725,16,3,3,1,9,18.75,18.75,6.25,56.25,37.5,62.5
2025-04-19,-11.76470588235294,-0.07047647058823531,17,3,5,3,6,17.647058823529413,29.411764705882355,17.647058823529413,35.294117647058826,47.05882352941176,52.94117647058824
2025-04-20,-20.0,-0.15516500000000003,20,1,8,4,7,5.0,40.0,20.0,35.0,45.0,55.00000000000001
2025-04-21,-10.0,-0.12364499999999998,20,1,9,5,5,5.0,45.0,25.0,25.0,50.0,50.0
2025-04-22,2.5,-0.08159999999999998,20,3,8,5,4,15.0,40.0,25.0,20.0,55.00000000000001,45.0
2025-04-23,20.0,0.02516,20,6,7,3,4,30.0,35.0,15.0,20.0,65.0,35.0
2025-04-24,7.5,-0.0028549999999999895,20,6,6,1,7,30.0,30.0,5.0,35.0,60.0,40.0
2025-04-25,5.0,-0.05411999999999998,20,6,6,0,8,30.0,30.0,0.0,40.0,60.0,40.0
2025-04-26,-2.7777777777777777,-0.11943333333333334,18,1,9,4,4,5.555555555555555,50.0,22.22222222222222,22.22222222222222,55.55555555555556,44.44444444444444
2025-04-27,7.5,0.020520000000000017,20,4,8,3,5,20.0,40.0,15.0,25.0,60.0,40.0
2025-04-28,30.0,0.08565500000000001,20,5,10,2,3,25.0,50.0,10.0,15.0,75.0,25.0
2025-04-29,15.0,-0.027090000000000003,20,3,11,1,5,15.0,55.00000000000001,5.0,25.0,70.0,30.0
2025-04-30,-10.0,-0.156615,20,2,9,1,8,10.0,45.0,5.0,40.0,55.00000000000001,45.0
2025-05-01,2.5,-0.018459999999999997,20,4,8,1,7,20.0,40.0,5.0,35.0,60.0,40.0
2025-05-02,7.5,0.021135000000000008,20,5,7,2,6,25.0,35.0,10.0,30.0,60.0,40.0
2025-05-03,22.727272727272727,0.009381818181818187,11,2,6,1,2,18.181818181818183,54.54545454545454,9.090909090909092,18.181818181818183,72.72727272727273,27.27272727272727
2025-05-04,10.0,-0.088605,20,0,14,2,4,0.0,70.0,10.0,20.0,70.0,30.0
2025-05-05,-12.5,-0.18272499999999997,20,0,11,2,7,0.0,55.00000000000001,10.0,35.0,55.00000000000001,45.0
2025-05-06,-7.5,-0.16549,20,2,9,2,7,10.0,45.0,10.0,35.0,55.00000000000001,45.0
2025-05-07,17.5,-0.004255000000000001,20,4,9,4,3,20.0,45.0,20.0,15.0,65.0,35.0
2025-05-08,5.0,-0.06506000000000002,20,3,9,3,5,15.0,45.0,15.0,25.0,60.0,40.0
2025-05-09,-7.5,-0.11817000000000003,20,3,7,4,6,15.0,35.0,20.0,30.0,50.0,50.0
2025-05-10,0.0,-0.10393750000000002,16,3,6,2,5,18.75,37.5,12.5,31.25,56.25,43.75
2025-05-11,37.5,0.08726500000000001,20,5,11,2,2,25.0,55.00000000000001,10.0,10.0,80.0,20.0
2025-05-12,47.5,0.18072999999999997,20,8,9,0,3,40.0,45.0,0.0,15.0,85.0,15.0
2025-05-13,57.49999999999999,0.22065,20,9,9,0,2,45.0,45.0,0.0,10.0,90.0,10.0
2025-05-14,20.0,0.016894999999999993,20,4,10,2,4,20.0,50.0,10.0,20.0,70.0,30.0
2025-05-15,22.5,0.03514,20,6,7,4,3,30.0,35.0,20.0,15.0,65.0,35.0
2025-05-16,45.0,0.14850999999999998,20,7,9,3,1,35.0,45.0,15.0,5.0,80.0,20.0
2025-05-17,28.125,0.06487500000000002,16,4,8,1,3,25.0,50.0,6.25,18.75,75.0,25.0
2025-05-18,-7.5,-0.17436999999999997,20,2,9,2,7,10.0,45.0,10.0,35.0,55.00000000000001,45.0
2025-05-19,5.0,-0.11992499999999999,20,4,8,2,6,20.0,40.0,10.0,30.0,60.0,40.0
2025-05-20,20.0,-0.03913499999999999,20,4,10,2,4,20.0,50.0,10.0,20.0,70.0,30.0
2025-05-21,0.0,-0.09046,20,2,10,2,6,10.0,50.0,10.0,30.0,60.0,40.0
2025-05-22,-7.5,-0.11169,20,3,8,1,8,15.0,40.0,5.0,40.0,55.00000000000001,45.0
2025-05-23,2.5,-0.0688,20,3,9,2,6,15.0,45.0,10.0,30.0,60.0,40.0
2025-05-24,15.789473684210526,0.017442105263157898,19,5,7,3,4,26.31578947368421,36.84210526315789,15.789473684210526,21.052631578947366,63.1578947368421,36.84210526315789
2025-05-25,2.941176470588235,-0.048423529411764726,17,4,6,1,6,23.52941176470588,35.294117647058826,5.88235294117647,35.294117647058826,58.82352941176471,41.17647058823529
2025-05-26,30.0,0.04114999999999998,20,4,12,0,4,20.0,60.0,0.0,20.0,80.0,20.0
2025-05-27,42.5,0.11266000000000001,20,5,12,1,2,25.0,60.0,5.0,10.0,85.0,15.0
2025-05-28,27.500000000000004,-0.014769999999999997,20,2,14,1,3,10.0,70.0,5.0,15.0,80.0,20.0
2025-05-29,30.0,0.032010000000000004,20,4,12,0,4,20.0,60.0,0.0,20.0,80.0,20.0
2025-05-30,40.0,0.14323000000000002,20,8,8,0,4,40.0,40.0,0.0,20.0,80.0,20.0
2025-05-31,44.11764705882353,0.16193529411764707,17,8,5,2,2,47.05882352941176,29.411764705882355,11.76470588235294,11.76470588235294,76.47058823529412,23.52941176470588
2025-06-01,20.0,-0.04361,20,3,12,0,5,15.0,60.0,0.0,25.0,75.0,25.0
2025-06-02,12.5,-0.045790000000000004,20,3,11,0,6,15.0,55.00000000000001,0.0,30.0,70.0,30.0
2025-06-03,5.0,-0.02061,20,4,8,2,6,20.0,40.0,10.0,30.0,60.0,40.0
2025-06-04,-25.0,-0.09928000000000001,20,3,5,3,9,15.0,25.0,15.0,45.0,40.0,60.0
2025-06-05,-15.0,-0.11140500000000002,20,1,9,3,7,5.0,45.0,15.0,35.0,50.0,50.0
2025-06-06,-15.0,-0.11618000000000002,20,1,9,3,7,5.0,45.0,15.0,35.0,50.0,50.0
2025-06-07,-17.5,-0.206085,20,1,9,2,8,5.0,45.0,10.0,40.0,50.0,50.0
2025-06-08,2.5,-0.10107000000000002,20,1,12,1,6,5.0,60.0,5.0,30.0,65.0,35.0
2025-06-09,-2.5,-0.07373500000000002,20,1,11,2,6,5.0,55.00000000000001,10.0,30.0,60.0,40.0
2025-06-10,7.5,-0.030319999999999996,20,4,8,3,5,20.0,40.0,15.0,25.0,60.0,40.0
2025-06-11,5.0,-0.064615,20,4,8,2,6,20.0,40.0,10.0,30.0,60.0,40.0
2025-06-12,-5.0,-0.115285,20,1,11,1,7,5.0,55.00000000000001,5.0,35.0,60.0,40.0
2025-06-13,-2.5,-0.11480000000000001,20,2,10,1,7,10.0,50.0,5.0,35.0,60.0,40.0
2025-06-14,-13.157894736842104,-0.14678421052631582,19,3,7,0,9,15.789473684210526,36.84210526315789,0.0,47.368421052631575,52.63157894736842,47.368421052631575
2025-06-15,-2.5,-0.11451499999999999,20,3,9,0,8,15.0,45.0,0.0,40.0,60.0,40.0
2025-06-16,17.5,-0.060045,20,2,13,0,5,10.0,65.0,0.0,25.0,75.0,25.0
2025-06-17,35.0,0.040859999999999994,20,3,14,0,3,15.0,70.0,0.0,15.0,85.0,15.0
2025-06-18,30.0,0.049635000000000006,20,3,13,1,3,15.0,65.0,5.0,15.0,80.0,20.0
2025-06-19,5.0,-0.055255,20,3,10,0,7,15.0,50.0,0.0,35.0,65.0,35.0
2025-06-20,22.5,-0.01888,20,4,11,0,5,20.0,55.00000000000001,0.0,25.0,75.0,25.0
2025-06-21,15.625,0.011943749999999989,16,4,7,0,5,25.0,43.75,0.0,31.25,68.75,31.25
2025-06-22,32.5,0.06619500000000002,20,3,13,2,2,15.0,65.0,10.0,10.0,80.0,20.0
2025-06-23,20.0,0.02346,20,5,9,1,5,25.0,45.0,5.0,25.0,70.0,30.0
2025-06-24,5.0,-0.037930000000000005,20,2,10,4,4,10.0,50.0,20.0,20.0,60.0,40.0
2025-06-25,15.0,-0.04048500000000001,20,1,13,3,3,5.0,65.0,15.0,15.0,70.0,30.0
2025-06-26,5.0,-0.06293,20,2,10,4,4,10.0,50.0,20.0,20.0,60.0,40.0
2025-06-27,0.0,-0.10153000000000001,20,1,11,3,5,5.0,55.00000000000001,15.0,25.0,60.0,40.0
2025-06-28,-2.631578947368421,-0.12879473684210527,19,1,11,0,7,5.263157894736842,57.89473684210527,0.0,36.84210526315789,63.1578947368421,36.84210526315789
2025-06-29,0.0,-0.09834000000000001,20,2,10,2,6,10.0,50.0,10.0,30.0,60.0,40.0
2025-06-30,-37.5,-0.20025999999999997,20,1,7,0,12,5.0,35.0,0.0,60.0,40.0,60.0
2025-07-01,-30.0,-0.17289499999999997,20,2,6,2,10,10.0,30.0,10.0,50.0,40.0,60.0
2025-07-02,10.0,-0.061185,20,4,8,4,4,20.0,40.0,20.0,20.0,60.0,40.0
2025-07-03,22.5,0.06402,20,5,8,5,2,25.0,40.0,25.0,10.0,65.0,35.0
2025-07-04,19.444444444444446,0.05154444444444445,18,6,5,4,3,33.33333333333333,27.77777777777778,22.22222222222222,16.666666666666664,61.111111111111114,38.88888888888889
2025-07-05,13.333333333333334,0.00493333333333333,15,1,9,3,2,6.666666666666667,60.0,20.0,13.333333333333334,66.66666666666666,33.33333333333333
2025-07-06,42.5,0.21337499999999995,20,10,5,2,3,50.0,25.0,10.0,15.0,75.0,25.0
2025-07-07,32.5,0.13335999999999998,20,8,6,3,3,40.0,30.0,15.0,15.0,70.0,30.0
2025-07-08,30.0,0.025044999999999994,20,4,11,3,2,20.0,55.00000000000001,15.0,10.0,75.0,25.0
2025-07-09,30.0,-0.0025950000000000057,20,2,14,2,2,10.0,70.0,10.0,10.0,80.0,20.0
2025-07-10,12.5,-0.052135,20,2,11,4,3,10.0,55.00000000000001,20.0,15.0,65.0,35.0
2025-07-11,17.5,0.060605,20,5,7,6,2,25.0,35.0,30.0,10.0,60.0,40.0
2025-07-12,0.0,-0.030787500000000002,16,2,7,3,4,12.5,43.75,18.75,25.0,56.25,43.75
2025-07-13,7.5,-0.04136499999999999,20,3,10,1,6,15.0,50.0,5.0,30.0,65.0,35.0
2025-07-14,25.0,0.002685,20,2,14,0,4,10.0,70.0,0.0,20.0,80.0,20.0
2025-07-15,27.500000000000004,-0.003100000000000008,20,2,13,4,1,10.0,65.0,20.0,5.0,75.0,25.0
2025-07-16,17.5,-0.04528,20,2,12,3,3,10.0,60.0,15.0,15.0,70.0,30.0
2025-07-17,12.5,-0.08534000000000001,20,2,12,1,5,10.0,60.0,5.0,25.0,70.0,30.0
2025-07-18,5.0,-0.096655,20,2,11,1,6,10.0,55.00000000000001,5.0,30.0,65.0,35.0
2025-07-19,17.5,-0.03414499999999999,20,4,10,1,5,20.0,50.0,5.0,25.0,70.0,30.0
2025-07-20,35.0,0.046435000000000004,20,5,11,1,3,25.0,55.00000000000001,5.0,15.0,80.0,20.0
2025-07-21,40.0,0.098915,20,5,11,3,1,25.0,55.00000000000001,15.0,5.0,80.0,20.0
2025-07-22,32.5,-0.0079,20,3,13,2,2,15.0,65.0,10.0,10.0,80.0,20.0
2025-07-23,-10.0,-0.08567,20,2,8,4,6,10.0,40.0,20.0,30.0,50.0,50.0
2025-07-24,-32.5,-0.17271,20,2,5,4,9,10.0,25.0,20.0,45.0,35.0,65.0
2025-07-25,-7.5,-0.07644500000000001,20,3,7,4,6,15.0,35.0,20.0,30.0,50.0,50.0
2025-07-26,2.5,-0.092855,20,2,10,3,5,10.0,50.0,15.0,25.0,60.0,40.0
2025-07-27,12.5,-0.084115,20,2,12,1,5,10.0,60.0,5.0,25.0,70.0,30.0
2025-07-28,25.0,0.004364999999999994,20,3,12,2,3,15.0,60.0,10.0,15.0,75.0,25.0
2025-07-29,37.5,0.06961999999999999,20,4,12,3,1,20.0,60.0,15.0,5.0,80.0,20.0
2025-07-30,35.0,0.086795,20,6,9,3,2,30.0,45.0,15.0,10.0,75.0,25.0
2025-07-31,15.0,-0.05540999999999998,20,5,8,2,5,25.0,40.0,10.0,25.0,65.0,35.0
2025-08-01,-40.0,-0.26257499999999995,20,2,4,4,10,10.0,20.0,20.0,50.0,30.0,70.0
2025-08-02,-50.0,-0.28993846153846153,13,1,2,3,7,7.6923076923076925,15.384615384615385,23.076923076923077,53.84615384615385,23.076923076923077,76.92307692307693
2025-08-03,47.5,0.30398000000000003,20,11,4,3,2,55.00000000000001,20.0,15.0,10.0,75.0,25.0
2025-08-04,55.00000000000001,0.32896500000000006,20,11,5,3,1,55.00000000000001,25.0,15.0,5.0,80.0,20.0
2025-08-05,37.5,0.10888500000000001,20,7,8,3,2,35.0,40.0,15.0,10.0,75.0,25.0
2025-08-06,40.0,0.10259499999999999,20,6,10,2,2,30.0,50.0,10.0,10.0,80.0,20.0
2025-08-07,17.5,0.03890499999999999,20,5,8,3,4,25.0,40.0,15.0,20.0,65.0,35.0
2025-08-08,10.0,-0.02291500000000001,20,3,10,2,5,15.0,50.0,10.0,25.0,65.0,35.0
2025-08-09,16.666666666666664,0.007733333333333339,12,3,5,1,3,25.0,41.66666666666667,8.333333333333332,25.0,66.66666666666666,33.33333333333333
2025-08-10,60.0,0.202495,20,6,13,1,0,30.0,65.0,5.0,0.0,95.0,5.0
2025-08-11,60.0,0.18634,20,6,13,1,0,30.0,65.0,5.0,0.0,95.0,5.0
2025-08-12,47.5,0.12002499999999998,20,6,11,2,1,30.0,55.00000000000001,10.0,5.0,85.0,15.0
2025-08-13,40.0,0.13223999999999997,20,7,8,4,1,35.0,40.0,20.0,5.0,75.0,25.0
2025-08-14,12.5,-0.10515999999999999,20,1,13,2,4,5.0,65.0,10.0,20.0,70.0,30.0
2025-08-15,7.6923076923076925,-0.016276923076923074,13,1,7,3,2,7.6923076923076925,53.84615384615385,23.076923076923077,15.384615384615385,61.53846153846154,38.46153846153847
2025-08-16,-37.5,-0.178625,16,0,5,5,6,0.0,31.25,31.25,37.5,31.25,68.75
2025-08-17,25.0,0.082045,20,6,8,2,4,30.0,40.0,10.0,20.0,70.0,30.0
2025-08-18,47.5,0.17437999999999998,20,9,7,2,2,45.0,35.0,10.0,10.0,80.0,20.0
2025-08-19,17.5,0.009059999999999999,20,6,7,2,5,30.0,35.0,10.0,25.0,65.0,35.0
2025-08-20,-2.5,-0.11083000000000003,20,2,9,4,5,10.0,45.0,20.0,25.0,55.00000000000001,45.0
2025-08-21,0.0,-0.07892999999999999,20,1,10,6,3,5.0,50.0,30.0,15.0,55.00000000000001,45.0
2025-08-22,15.0,0.03242000000000001,20,3,10,4,3,15.0,50.0,20.0,15.0,65.0,35.0
2025-08-23,4.166666666666666,-0.08000833333333333,12,3,4,1,4,25.0,33.33333333333333,8.333333333333332,33.33333333333333,58.333333333333336,41.66666666666667
2025-08-24,7.5,-0.017464999999999994,20,4,8,3,5,20.0,40.0,15.0,25.0,60.0,40.0
2025-08-25,7.5,-0.048499999999999995,20,0,13,4,3,0.0,65.0,20.0,15.0,65.0,35.0
2025-08-26,20.0,0.005544999999999994,20,3,11,3,3,15.0,55.00000000000001,15.0,15.0,70.0,30.0
2025-08-27,22.5,0.008374999999999999,20,4,10,3,3,20.0,50.0,15.0,15.0,70.0,30.0
2025-08-28,15.0,-0.014390000000000003,20,4,9,3,4,20.0,45.0,15.0,20.0,65.0,35.0
2025-08-29,-10.0,-0.16252499999999998,20,2,9,1,8,10.0,45.0,5.0,40.0,55.00000000000001,45.0
2025-08-30,-30.0,-0.20014999999999997,10,1,3,1,5,10.0,30.0,10.0,50.0,40.0,60.0
2025-08-31,0.0,-0.09605999999999998,20,3,9,1,7,15.0,45.0,5.0,35.0,60.0,40.0
2025-09-01,35.0,0.027815000000000006,20,6,10,0,4,30.0,50.0,0.0,20.0,80.0,20.0
2025-09-02,6.25,-0.10923125,16,3,7,1,5,18.75,43.75,6.25,31.25,62.5,37.5
2025-09-03,13.88888888888889,-0.03819444444444445,18,3,9,2,4,16.666666666666664,50.0,11.11111111111111,22.22222222222222,66.66666666666666,33.33333333333333
2025-09-04,5.0,-0.004195000000000004,20,2,9,7,2,10.0,45.0,35.0,10.0,55.00000000000001,45.0
2025-09-05,2.5,-0.03164,20,0,11,8,1,0.0,55.00000000000001,40.0,5.0,55.00000000000001,45.0
2025-09-06,-11.538461538461538,-0.1615076923076923,13,1,5,4,3,7.6923076923076925,38.46153846153847,30.76923076923077,23.076923076923077,46.15384615384615,53.84615384615385
2025-09-07,-5.0,-0.180255,20,0,12,2,6,0.0,60.0,10.0,30.0,60.0,40.0
2025-09-08,7.5,-0.060475,20,2,10,5,3,10.0,50.0,25.0,15.0,60.0,40.0
2025-09-09,37.5,0.12587,20,7,8,3,2,35.0,40.0,15.0,10.0,75.0,25.0
2025-09-10,47.5,0.11731499999999999,20,7,10,1,2,35.0,50.0,5.0,10.0,85.0,15.0
2025-09-11,42.5,0.049795,20,3,15,0,2,15.0,75.0,0.0,10.0,90.0,10.0
2025-09-12,40.0,0.054295,20,3,14,2,1,15.0,70.0,10.0,5.0,85.0,15.0
2025-09-13,15.0,0.029239999999999995,20,5,8,2,5,25.0,40.0,10.0,25.0,65.0,35.0
2025-09-14,55.00000000000001,0.24366000000000004,20,9,8,2,1,45.0,40.0,10.0,5.0,85.0,15.0
2025-09-15,50.0,0.24937499999999999,20,10,6,2,2,50.0,30.0,10.0,10.0,80.0,20.0
2025-09-16,22.5,0.06864499999999998,20,6,8,1,5,30.0,40.0,5.0,25.0,70.0,30.0
2025-09-17,35.0,0.08236,20,8,7,1,4,40.0,35.0,5.0,20.0,75.0,25.0
2025-09-18,35.0,0.07163,20,6,10,0,4,30.0,50.0,0.0,20.0,80.0,20.0
2025-09-19,25.0,-0.034575,20,1,15,1,3,5.0,75.0,5.0,15.0,80.0,20.0
2025-09-20,42.5,0.08583,20,6,11,0,3,30.0,55.00000000000001,0.0,15.0,85.0,15.0
2025-09-21,40.0,0.051225,20,4,13,1,2,20.0,65.0,5.0,10.0,85.0,15.0
2025-09-22,50.0,0.09423499999999999,20,5,13,1,1,25.0,65.0,5.0,5.0,90.0,10.0
2025-09-23,32.5,0.05421499999999999,20,4,12,1,3,20.0,60.0,5.0,15.0,80.0,20.0
2025-09-24,-7.5,-0.12546,20,2,9,2,7,10.0,45.0,10.0,35.0,55.00000000000001,45.0
2025-09-25,17.5,-0.016565000000000003,20,4,10,1,5,20.0,50.0,5.0,25.0,70.0,30.0
2025-09-26,53.125,0.12288125,16,4,11,0,1,25.0,68.75,0.0,6.25,93.75,6.25
2025-09-27,-17.857142857142858,-0.1895285714285714,14,1,6,1,6,7.142857142857142,42.857142857142854,7.142857142857142,42.857142857142854,50.0,50.0
2025-09-28,15.0,-0.05472999999999999,20,2,12,2,4,10.0,60.0,10.0,20.0,70.0,30.0
2025-09-29,50.0,0.140925,20,5,13,1,1,25.0,65.0,5.0,5.0,90.0,10.0
2025-09-30,57.49999999999999,0.20632999999999999,20,8,10,1,1,40.0,50.0,5.0,5.0,90.0,10.0
2025-10-01,37.5,0.11445999999999998,20,6,9,4,1,30.0,45.0,20.0,5.0,75.0,25.0
2025-10-02,22.5,-0.016879999999999996,20,1,13,6,0,5.0,65.0,30.0,0.0,70.0,30.0
2025-10-03,32.5,0.012215,20,2,14,3,1,10.0,70.0,15.0,5.0,80.0,20.0
2025-10-04,-58.82352941176471,-0.3258705882352941,17,0,3,5,9,0.0,17.647058823529413,29.411764705882355,52.94117647058824,17.647058823529413,82.35294117647058
2025-10-05,15.0,-0.015074999999999996,20,4,9,3,4,20.0,45.0,15.0,20.0,65.0,35.0
2025-10-06,17.5,0.009755000000000005,20,4,8,7,1,20.0,40.0,35.0,5.0,60.0,40.0
2025-10-07,35.0,0.077145,20,5,10,4,1,25.0,50.0,20.0,5.0,75.0,25.0
2025-10-08,25.0,0.046210000000000015,20,4,10,4,2,20.0,50.0,20.0,10.0,70.0,30.0
2025-10-09,25.0,-0.005299999999999999,20,3,12,2,3,15.0,60.0,10.0,15.0,75.0,25.0
2025-10-10,25.0,0.05152500000000001,20,5,9,3,3,25.0,45.0,15.0,15.0,70.0,30.0
2025-10-11,11.76470588235294,0.017076470588235294,17,3,8,2,4,17.647058823529413,47.05882352941176,11.76470588235294,23.52941176470588,64.70588235294117,35.294117647058826
2025-10-12,-12.5,-0.14713,20,1,10,1,8,5.0,50.0,5.0,40.0,55.00000000000001,45.0
2025-10-13,-2.5,-0.118065,20,0,13,0,7,0.0,65.0,0.0,35.0,65.0,35.0
2025-10-14,20.0,0.029735,20,3,12,0,5,15.0,60.0,0.0,25.0,75.0,25.0
2025-10-15,32.5,0.05156999999999999,20,5,11,0,4,25.0,55.00000000000001,0.0,20.0,80.0,20.0
2025-10-16,32.5,0.028879999999999996,20,5,11,0,4,25.0,55.00000000000001,0.0,20.0,80.0,20.0
2025-10-17,15.0,-0.06179000000000001,20,2,12,2,4,10.0,60.0,10.0,20.0,70.0,30.0
2025-10-18,10.0,-0.06573999999999999,20,3,10,2,5,15.0,50.0,10.0,25.0,65.0,35.0
2025-10-19,30.0,0.05798000000000001,20,6,9,1,4,30.0,45.0,5.0,20.0,75.0,25.0
2025-10-20,42.5,0.099675,20,6,11,0,3,30.0,55.00000000000001,0.0,15.0,85.0,15.0
2025-10-21,22.5,0.004734999999999994,20,5,8,5,2,25.0,40.0,25.0,10.0,65.0,35.0
2025-10-22,-30.0,-0.150835,20,2,4,8,6,10.0,20.0,40.0,30.0,30.0,70.0
2025-10-23,-35.0,-0.170025,20,1,5,7,7,5.0,25.0,35.0,35.0,30.0,70.0
2025-10-24,15.0,0.014445,20,5,7,5,3,25.0,35.0,25.0,15.0,60.0,40.0
2025-10-25,0.0,0.0,0,0,0,0,0,0.0,0.0,0.0,0.0,0.0,0.0
2025-10-26,-20.0,-0.1992,20,2,8,0,10,10.0,40.0,0.0,50.0,50.0,50.0
2025-10-27,0.0,0.0,0,0,0,0,0,0.0,0.0,0.0,0.0,0.0,0.0
2025-10-28,15.0,-0.055209999999999995,20,4,10,0,6,20.0,50.0,0.0,30.0,70.0,30.0
2025-10-29,-10.0,-0.12594,20,3,7,3,7,15.0,35.0,15.0,35.0,50.0,50.0
2025-10-30,0.0,0.0,0,0,0,0,0,0.0,0.0,0.0,0.0,0.0,0.0
2025-10-31,40.0,0.10718000000000001,20,6,10,2,2,30.0,50.0,10.0,10.0,80.0,20.0
2025-11-01,0.0,0.0,0,0,0,0,0,0.0,0.0,0.0,0.0,0.0,0.0
2025-11-02,2.5,-0.058429999999999996,20,3,8,5,4,15.0,40.0,25.0,20.0,55.00000000000001,45.0
2025-11-03,20.0,0.045805000000000005,20,5,7,7,1,25.0,35.0,35.0,5.0,60.0,40.0
2025-11-04,0.0,0.0,0,0,0,0,0,0.0,0.0,0.0,0.0,0.0,0.0
2025-11-05,15.0,0.056100000000000004,20,3,9,7,1,15.0,45.0,35.0,5.0,60.0,40.0
2025-11-06,-12.5,-0.035100000000000006,20,3,4,11,2,15.0,20.0,55.00000000000001,10.0,35.0,65.0
2025-11-07,-12.5,-0.06851500000000002,20,5,2,9,4,25.0,10.0,45.0,20.0,35.0,65.0
2025-11-08,32.5,0.10012000000000001,20,5,9,6,0,25.0,45.0,30.0,0.0,70.0,30.0
2025-11-09,42.5,0.137825,20,6,10,3,1,30.0,50.0,15.0,5.0,80.0,20.0
2025-11-10,30.0,0.025145000000000008,20,5,10,2,3,25.0,50.0,10.0,15.0,75.0,25.0
2025-11-11,0.0,0.0,0,0,0,0,0,0.0,0.0,0.0,0.0,0.0,0.0
2025-11-12,40.0,0.08548,20,3,14,2,1,15.0,70.0,10.0,5.0,85.0,15.0
2025-11-13,37.5,0.088055,20,6,10,1,3,30.0,50.0,5.0,15.0,80.0,20.0
2025-11-14,0.0,0.0,0,0,0,0,0,0.0,0.0,0.0,0.0,0.0,0.0
2025-11-15,-12.5,-0.12192,20,3,7,2,8,15.0,35.0,10.0,40.0,50.0,50.0
2025-11-16,45.0,0.11856499999999999,20,6,11,1,2,30.0,55.00000000000001,5.0,10.0,85.0,15.0
2025-11-17,10.0,-0.025945000000000003,20,3,10,2,5,15.0,50.0,10.0,25.0,65.0,35.0
2025-11-18,20.0,0.013679999999999994,20,4,10,2,4,20.0,50.0,10.0,20.0,70.0,30.0
2025-11-19,0.0,0.0,0,0,0,0,0,0.0,0.0,0.0,0.0,0.0,0.0
2025-11-20,15.0,-0.02595999999999999,20,2,12,2,4,10.0,60.0,10.0,20.0,70.0,30.0
2025-11-21,20.0,-0.010365,20,3,11,3,3,15.0,55.00000000000001,15.0,15.0,70.0,30.0
2025-11-22,7.5,-0.03813,20,3,9,4,4,15.0,45.0,20.0,20.0,60.0,40.0
2025-11-23,35.0,0.08809499999999999,20,4,12,2,2,20.0,60.0,10.0,10.0,80.0,20.0
2025-11-24,15.0,-0.03493,20,2,12,2,4,10.0,60.0,10.0,20.0,70.0,30.0
2025-11-25,0.0,-0.07319,20,0,13,1,6,0.0,65.0,5.0,30.0,65.0,35.0
2025-11-26,27.500000000000004,0.07424,20,2,14,1,3,10.0,70.0,5.0,15.0,80.0,20.0
2025-11-27,27.500000000000004,0.05683000000000001,20,5,10,1,4,25.0,50.0,5.0,20.0,75.0,25.0
2025-11-28,7.5,0.018849999999999985,20,5,7,2,6,25.0,35.0,10.0,30.0,60.0,40.0
2025-11-29,17.5,0.05528999999999999,20,4,10,1,5,20.0,50.0,5.0,25.0,70.0,30.0
2025-11-30,7.5,-0.039315,20,5,7,2,6,25.0,35.0,10.0,30.0,60.0,40.0
2025-12-01,-5.0,-0.05677000000000001,20,4,6,4,6,20.0,30.0,20.0,30.0,50.0,50.0
2025-12-02,2.5,-0.056355,20,2,10,3,5,10.0,50.0,15.0,25.0,60.0,40.0
2025-12-03,20.0,-0.023340000000000007,20,3,12,0,5,15.0,60.0,0.0,25.0,75.0,25.0
2025-12-04,5.0,-0.09441,20,1,12,2,5,5.0,60.0,10.0,25.0,65.0,35.0
2025-12-05,30.0,0.07395,20,5,10,2,3,25.0,50.0,10.0,15.0,75.0,25.0
2025-12-06,27.500000000000004,0.0004399999999999904,20,4,11,2,3,20.0,55.00000000000001,10.0,15.0,75.0,25.0
2025-12-07,12.5,0.010675,20,4,8,5,3,20.0,40.0,25.0,15.0,60.0,40.0
2025-12-08,40.0,0.033015,20,2,15,3,0,10.0,75.0,15.0,0.0,85.0,15.0
2025-12-09,-2.5,-0.05156500000000001,20,2,9,4,5,10.0,45.0,20.0,25.0,55.00000000000001,45.0
2025-12-10,7.5,-0.07552500000000001,20,1,12,3,4,5.0,60.0,15.0,20.0,65.0,35.0
2025-12-11,0.0,0.0,0,0,0,0,0,0.0,0.0,0.0,0.0,0.0,0.0
2025-12-12,0.0,0.0,0,0,0,0,0,0.0,0.0,0.0,0.0,0.0,0.0
2025-12-13,30.0,0.015695,20,4,12,0,4,20.0,60.0,0.0,20.0,80.0,20.0
2025-12-14,0.0,0.0,0,0,0,0,0,0.0,0.0,0.0,0.0,0.0,0.0
2025-12-15,0.0,0.0,0,0,0,0,0,0.0,0.0,0.0,0.0,0.0,0.0
2025-12-16,0.0,0.0,0,0,0,0,0,0.0,0.0,0.0,0.0,0.0,0.0
